id,url,title,authorName,thumbnailUrl,visibleText,source
"7504125381830577409","https://www.tiktok.com/@powerpump45/video/7504125381830577409","เจ็บแค่ร่างกาย แต่อย่าปล่อยให้ใจยอมแพ้ การฟื้นฟูก็เป็นส่วนหนึ่งของการเป็นนักกีฬา กลับมาช้าก็ไม่เป็นไร ขอแค่ “กลับมา“ ดีกว่าเดิม . . #aclinjury #power #fyp  #powermakepossible  #powerpump45 #thailand  @powerpump45  @powerpump45  @powerpump45 ","powerpump45","https://p16-common-sign.tiktokcdn.com/tos-alisg-p-0037/oQBCEkaBi2IAYVAKAAuAQhAERCCPACitlYIlS~tplv-tiktokx-origin.image?dr=14575&x-expires=1780556400&x-signature=DjYaMSw2VPddBwMtOGHf%2B2xgVUE%3D&t=4d5b0474&ps=13740610&shp=81f88b70&shcp=43f4a2f9&idc=sg1","15KPinned","visible-page+oembed"
"7397262122134080776","https://www.tiktok.com/@powerpump45/video/7397262122134080776","แรงระเบิดได้ทุกมุม การเปลี่ยนทิศทางดีขึ้นแน่นอน . . #power #powertraining  #strengthandconditioning  #agility #fyp #football  #powerpump45 #thailand  @powerpump45  @powerpump45  @powerpump45 ","powerpump45","https://p16-common-sign.tiktokcdn.com/tos-alisg-p-0037/720a2db7f64a4be2b7ab1e7966cc4bd1_1722309309~tplv-tiktokx-origin.image?dr=14575&x-expires=1780556400&x-signature=duuhpTMw7g6iWKJMz8COLl6GHqQ%3D&t=4d5b0474&ps=13740610&shp=81f88b70&shcp=43f4a2f9&idc=sg1","27.5KPinned","visible-page+oembed"
"7439242258798447892","https://www.tiktok.com/@powerpump45/video/7439242258798447892","ถ้าหากเรา ออกแรงเหวี่ยง  ได้ทุกช่วงมุม การยิงที่ทรงพลัง เกิดจาก แรงระเบิด . . #power #powertraining  #shooting #football #fyp  #sportsperformance #vbt  #powerpump45 #thailand  @powerpump45  @powerpump45  @powerpump45 ","powerpump45","https://p16-common-sign.tiktokcdn.com/tos-alisg-p-0037/o05I0f83QtDRQYeFf6QGeGcG6RALLSvAoskcQ6~tplv-tiktokx-origin.image?dr=14575&x-expires=1780556400&x-signature=5ggAgUk5rW17McT51KSVMFsLRUE%3D&t=4d5b0474&ps=13740610&shp=81f88b70&shcp=43f4a2f9&idc=sg1","59.1KPinned","visible-page+oembed"
"7564344762694733063","https://www.tiktok.com/@powerpump45/video/7564344762694733063","คัดมาแล้ว! นี่คือ 4 ท่าฝึก ที่เน้นหลักการ Positive Transfer โดยตรง เพื่อสั่งการให้ระบบประสาท 'เชื่อมต่อ' พลังกล้ามเนื้อเข้ากับความเร็วและความแม่นยำในสนามอย่างสมบูรณ์แบบ  . 1. Split Jump > ฝึกให้ออกตัวสปริ้นท์ได้เร็วกว่าจรวด 🚀  2. Skater Jump > ฝึกเพื่อความว่องไวในการเปลี่ยนทิศทาง 🌪️  3. Rotation MD Throw > ฝึก Core สำหรับเพิ่มพลังยิงและปะทะที่รุนแรง 🎯  4. Hurdle Hop to Sprint > ฝึกให้เปลี่ยนการเคลื่อนไหว อย่างฉับไวในสนามจริง! 🏃  . . 💡 เคล็ดลับ : ทุกท่าที่ฝึกต้องเน้น ความเร็วสูงสุด (Maximal Velocity) และ คุณภาพ (Quality) หากความเร็วลด ควรหยุดพักทันที!  . Chance is yourself. . #PositiveTransfer  #BasicMakePerfect  #Powerpump45 #ศูนย์พัฒนานักกีฬา #fyp ","powerpump45","https://p16-common-sign.tiktokcdn.com/tos-alisg-p-0037/ogA2oK8nAiI43Pr5taBrYVPvAEzPBnAhBinI6~tplv-tiktokx-origin.image?dr=14575&x-expires=1780556400&x-signature=LQGMqTs5ux5Vd3D%2BhUAFengzOFg%3D&t=4d5b0474&ps=13740610&shp=81f88b70&shcp=43f4a2f9&idc=sg1","1092","visible-page+oembed"
"7562540734289693960","https://www.tiktok.com/@powerpump45/video/7562540734289693960","4 ท่ายืด แบบ 2 คน สำหรับนักฟุตบอล 🏃🏻⚽️  . ช่วยลดอาการตึงหลังซ้อมหรือแข่งเสร็จ ⚽️⚽️⚽️ . ลองชวนเพื่อนมาช่วยกันยืดกันครับ !!! . @powerpump45  @powerpump45  . Chance is yourself . #fyp #passivestretching #BasicMakePerfect  #Powerpump45 #ศูนย์พัฒนานักกีฬา ","powerpump45","https://p16-common-sign.tiktokcdn.com/tos-alisg-p-0037/owKYOEDBPAiA121SAaPAvEJnGAzKiiPwIOBrK~tplv-tiktokx-origin.image?dr=14575&x-expires=1780556400&x-signature=k98hnKEtZJwO%2BYmR1N3QCXonwTs%3D&t=4d5b0474&ps=13740610&shp=81f88b70&shcp=43f4a2f9&idc=sg1","9729","visible-page+oembed"
"7562105991307808018","https://www.tiktok.com/@powerpump45/video/7562105991307808018","เปลี่ยนทิศทางได้เร็ว มักได้เปรียบเสมอ . Deceleration = “การชะลอหรือหยุดการเคลื่อนไหวอย่างมั่นคง” ✅ . “ไม่ใช่แค่สปีด…แต่ต้อง ‘เบรก’ ได้คมถึงจะชนะ!”🏃🏻🏃🏻🏃🏻 . @powerpump45  @powerpump45  . Chance is yourself . #fyp #deceleration  #BasicMakePerfect  #Powerpump45 #ศูนย์พัฒนานักกีฬา ","powerpump45","https://p16-common-sign.tiktokcdn.com/tos-alisg-p-0037/oE5fg4RhYMfHuoJi7HgferhrjKgArAeAbdN06A~tplv-tiktokx-origin.image?dr=14575&x-expires=1780556400&x-signature=Zg1jnLiRpKamhxi2KP7e8iq7Asw%3D&t=4d5b0474&ps=13740610&shp=81f88b70&shcp=43f4a2f9&idc=sg1","896","visible-page+oembed"
"7559932205750062343","https://www.tiktok.com/@powerpump45/video/7559932205750062343","อยากยิงแรงขึ้น?  . จงหยุดซิทอัพ! และฝึกให้ “ร่างกายต้านแรงหมุน”ให้ได้ เพราะ “Power” ไม่ได้เกิดจากแรงเพียงอย่างอย่างเดียว แต่มาจาก “แกนกลางที่ควบคุมได้“🔥 . @powerpump45  @powerpump45  . #AntiRotation #BasicMakePerfect #Powerpump45 #ศูนย์พัฒนานักกีฬา ","powerpump45","https://p16-common-sign.tiktokcdn.com/tos-alisg-p-0037/oEmJUAIKkUAm0EQoH6FfBCgfojFAZKIaRADoEM~tplv-tiktokx-origin.image?dr=14575&x-expires=1780556400&x-signature=Xpp%2FrEqJKSY5byuUO5Kmd2ehKTs%3D&t=4d5b0474&ps=13740610&shp=81f88b70&shcp=43f4a2f9&idc=sg1","1221","visible-page+oembed"
"7559195609123638536","https://www.tiktok.com/@powerpump45/video/7559195609123638536","อยากรับลูกได้เร็วขึ้น? อย่าฝึกแค่แรง ฝึก “ประสานการทำงานกันระหว่างตาและมือ”  . ให้ไวเหมือนนักล่าด้วย 🐅🐅 . Drill Hand-eye coordination เหล่านี้ ⚡👀 . @powerpump45  @powerpump45  . #handeyecoordination #BasicMakePerfect  #powerpump45 #ศูนย์พัฒนานักกีฬา ","powerpump45","https://p16-common-sign.tiktokcdn.com/tos-alisg-p-0037/o8C8iXEwOpAi6ieqD4Ib6cvEAoBAABAIkAF05n~tplv-tiktokx-origin.image?dr=14575&x-expires=1780556400&x-signature=nsOcfBXBL6%2B9Tp40nC7LdohUjys%3D&t=4d5b0474&ps=13740610&shp=81f88b70&shcp=43f4a2f9&idc=sg1","1257","visible-page+oembed"
"7557637913392057618","https://www.tiktok.com/@powerpump45/video/7557637913392057618","การฝึกด้วย Constraints-Led Approach (CLA) นั้นถือว่ามีประสิทธิภาพสูงอย่างยิ่งในการพัฒนาทักษะของนักฟุตบอลยุคใหม่ เพราะฟุตบอลเป็นกีฬาที่ต้องตัดสินใจอย่างรวดเร็วภายใต้สภาวะที่เปลี่ยนแปลงตลอดเวลา CLA มุ่งเน้นการพัฒนาร่างกายให้ ""ฉลาดขึ้น"" ไม่ใช่แค่การทำตามคำสั่ง . แหละนี้ คือ 3 ข้อดี ของการฝึกด้วย CLA สำหรับนักฟุตบอล . @powerpump45  @powerpump45  . #CLA #ฝึกบอลให้ฉลาด #BasicMakePerfect #powerpump45 #ศูนย์พัฒนานักกีฬา","powerpump45","https://p16-common-sign.tiktokcdn.com/tos-alisg-p-0037/okUB44aA3hoBOD3gBQJR6PffEGBiiHiogETIzs~tplv-tiktokx-origin.image?dr=14575&x-expires=1780556400&x-signature=8uJukqBRzZ7w1BwSKkqm1kIBFv0%3D&t=4d5b0474&ps=13740610&shp=81f88b70&shcp=43f4a2f9&idc=sg1","1022","visible-page+oembed"
"7556650414762937618","https://www.tiktok.com/@powerpump45/video/7556650414762937618","Landmine Exercise = ได้ทั้งพลัง + ความมั่นคง . นักฟุตบอลที่อยากแข็งแกร่ง ชนไม่ล้ม ยิงไม่หลุดกรอบ ต้องลอง !!! ⚽💥 . @powerpump45  @powerpump45  . #LandmineExercise #BasicMakePerfect  #powerpump45 #ศูนย์พัฒนานักกีฬา ","powerpump45","https://p16-common-sign.tiktokcdn.com/tos-alisg-p-0037/o8G9AoGPQEkvxIIPwejOIfGDZsy2TAz6AeAALR~tplv-tiktokx-origin.image?dr=14575&x-expires=1780556400&x-signature=GBtnNjynzNCX9A4fZfkEP%2B2BKQc%3D&t=4d5b0474&ps=13740610&shp=81f88b70&shcp=43f4a2f9&idc=sg1","1766","visible-page+oembed"
"7554740067823160583","https://www.tiktok.com/@powerpump45/video/7554740067823160583","จากสมองตื้อ...สู่ฟอร์มที่เฉียบคมในสนาม! ⚡️  . ดูเคล็ดลับง่ายๆ ในคลิปนี้ . @powerpump45  @powerpump45  @powerpump45  . #คาเฟอีน  #โภชนาการกีฬา#SportNutrition #Powerpump45","powerpump45","https://p19-common-sign.tiktokcdn.com/tos-alisg-p-0037/o81f0AIxUABTwDAEEIDCB6VXHKiBIaMiMACkvA~tplv-tiktokx-origin.image?dr=14575&x-expires=1780556400&x-signature=tNX6lneve%2BIfEkilNahx%2FqBWfjI%3D&t=4d5b0474&ps=13740610&shp=81f88b70&shcp=43f4a2f9&idc=sg1","1077","visible-page+oembed"
"7553970859724115207","https://www.tiktok.com/@powerpump45/video/7553970859724115207","เสียโปรตีนไปฟรีๆ ถ้ายังกินแบบรวบยอดมื้อเดียว! 😱 มาดูวิธี “กดสวิตช์” สร้างกล้ามให้ได้วันละ 3 รอบกัน . อยากให้ทีม #powerpump45 ช่วย “จัดตาราง” การกินที่เหมาะสมกับเป้าหมายและไลฟ์สไตล์ของคุณ? ทัก Inbox มาปรึกษาแผนได้เลย! 💬 . @powerpump45 @powerpump45  @powerpump45  . #Leucine #โภชนาการกีฬา#SportNutrition #PowerPump45 ","powerpump45","https://p16-common-sign.tiktokcdn.com/tos-alisg-p-0037/oEGiRDQ8eMD4ALAEQ47IC8ZVooFHjq9Emezcfk~tplv-tiktokx-origin.image?dr=14575&x-expires=1780556400&x-signature=bo8fnwdD%2FDRstdVcYfw99ALCtEY%3D&t=4d5b0474&ps=13740610&shp=81f88b70&shcp=43f4a2f9&idc=sg1","747","visible-page+oembed"
"7552141037565807879","https://www.tiktok.com/@powerpump45/video/7552141037565807879","🎥 Proprioception Training . “ฝึกร่างกายให้รับรู้ตำแหน่งตัวเอง มั่นคง ไม่พลิกง่าย” . @powerpump45  @powerpump45  @powerpump45  . ##Proprioception##BodyAwareness##BasicMakePerfect#PowerPump45 #ศูนย์พัฒนานักกีฬา ","powerpump45","https://p16-common-sign.tiktokcdn.com/tos-alisg-p-0037/oUHY6EDBPAmAz29kAa0AREilXAOYiiMTIxBEc~tplv-tiktokx-origin.image?dr=14575&x-expires=1780556400&x-signature=ZXdsq7EheMndIbyRzbfxdPwkTiI%3D&t=4d5b0474&ps=13740610&shp=81f88b70&shcp=43f4a2f9&idc=sg1","2205","visible-page+oembed"
"7551355023708409095","https://www.tiktok.com/@powerpump45/video/7551355023708409095","""Success is no accident. It is hard work, perseverance, learning, sacrifice and most of all, love of what you are doing."" . “ Pelé ” . @powerpump45  @powerpump45  . Chance is yourself. . #PowerPump45  #ศูนย์พัฒนานักกีฬา #ChanceIsYourself #AthleteMindset ","powerpump45","https://p16-common-sign.tiktokcdn.com/tos-alisg-p-0037/oAfkANWD8okLEgESzeBFFECDCxAuyIRL16UAAB~tplv-tiktokx-origin.image?dr=14575&x-expires=1780556400&x-signature=72nhhYBpv2Tzu20fyrgNH65sZQc%3D&t=4d5b0474&ps=13740610&shp=81f88b70&shcp=43f4a2f9&idc=sg1","677","visible-page+oembed"
"7549551258701450514","https://www.tiktok.com/@powerpump45/video/7549551258701450514","3 ท่าช่วยให้คุณนิ่งขณะออกแรงและส่งแรงได้ดีขึ้น !!! . มาลองฝึกกันดู 🏃🏻 . @powerpump45  @powerpump45  @powerpump45  . #stabilzedynamic #powerpump45  #ศูนย์พัฒนานักกีฬา ","powerpump45","https://p16-common-sign.tiktokcdn.com/tos-alisg-p-0037/ooFOO5zoxAMMB8XDEiRWfRZBULFfQznIEVugID~tplv-tiktokx-origin.image?dr=14575&x-expires=1780556400&x-signature=k%2FoT1uZXTOlR9IKsF%2BlXWQV7Bys%3D&t=4d5b0474&ps=13740610&shp=81f88b70&shcp=43f4a2f9&idc=sg1","1300","visible-page+oembed"
"7548792200436518152","https://www.tiktok.com/@powerpump45/video/7548792200436518152","อาการล้าเกิดจากอะไร? อาหารจะข่วยได้ไหม? มาดูไปพร้อมกันครับ😊 . 𝗖𝗵𝗮𝗻𝗰𝗲 𝗶𝘀 𝘆𝗼𝘂𝗿𝘀𝗲𝗹𝗳 . #อาการล้า #โภชนาการกีฬา #SportNutrition #powerpump45  #ศูนย์พัฒนานักกีฬา ","powerpump45","https://p16-common-sign.tiktokcdn.com/tos-alisg-p-0037/osDALOg8IEEj0PN4hYaiBDBlkziSAAMwTAkAS~tplv-tiktokx-origin.image?dr=14575&x-expires=1780556400&x-signature=qsBxouBX0%2FwGw96ypBpdsF4KuvU%3D&t=4d5b0474&ps=13740610&shp=81f88b70&shcp=43f4a2f9&idc=sg1","1957","visible-page+oembed"
"7546908518390025479","https://www.tiktok.com/@powerpump45/video/7546908518390025479","4 ท่ายืดช่วยแก้อาการรองช้ำ  . @powerpump45  @powerpump45  @powerpump45  .  #PlantarFasc#PlantarFasciitisBasicMakePerfect  #powerpump45  ","powerpump45","https://p16-common-sign.tiktokcdn.com/tos-alisg-p-0037/o0iLQwARAMQetAAA4BeJ8WUfKGQGngxVGAenqA~tplv-tiktokx-origin.image?dr=14575&x-expires=1780556400&x-signature=a%2FWFCggaM4F8MpbrP0Dv6N8ajhk%3D&t=4d5b0474&ps=13740610&shp=81f88b70&shcp=43f4a2f9&idc=sg1","1080","visible-page+oembed"
"7546125327622212865","https://www.tiktok.com/@powerpump45/video/7546125327622212865","ฟื้นฟู ACL Phase Return to Play = ฝึกควบคุม ลงมั่นคง เปลี่ยนทิศจริง เพราะหายเจ็บ…ยังไม่พอ  ต้องกลับมาเล่นได้อย่างมั่นใจ  #ACLRecovery #ReturnToPlay    #basicmakeperfect #fyp  #powerpump45  @powerpump45  @powerpump45  @powerpump45 ","powerpump45","https://p16-common-sign.tiktokcdn.com/tos-alisg-p-0037/oMUReuECDAVBY5USEUkmOsgEDfA5FBAiXCAoTI~tplv-tiktokx-origin.image?dr=14575&x-expires=1780556400&x-signature=A5%2Fi7ceK4Tx5K%2F2POCbDVVq8gbA%3D&t=4d5b0474&ps=13740610&shp=81f88b70&shcp=43f4a2f9&idc=sg1","10.2K","visible-page+oembed"
"7544684097814269202","https://www.tiktok.com/@powerpump45/video/7544684097814269202","“ก้าวแรกที่ลงมือทำ คือ ก้าวแรกของชัยชนะ” . ”Chance is yourself“ . @powerpump45  @powerpump45  @powerpump45  . ##น้องอิว##PowerPump45##ศูนย์พัฒนานักกีฬา##ChanceIsYourself#โอกาสคือการลงมือทำ   ","powerpump45","https://p16-common-sign.tiktokcdn.com/tos-alisg-p-0037/o4rDFCwmDI5VLdLoQFAHEfoeoNaHRQAwjDXjAf~tplv-tiktokx-origin.image?dr=14575&x-expires=1780556400&x-signature=Q5qBxx5aKvpyXui5%2BL2ReB645kc%3D&t=4d5b0474&ps=13740610&shp=81f88b70&shcp=43f4a2f9&idc=sg1","821","visible-page+oembed"
"7543962692839591176","https://www.tiktok.com/@powerpump45/video/7543962692839591176","""4 ท่าบริหารง่ายๆ แก้เท้าแบน"" . ถ้าคุณเป็นคนหนึ่งที่ปวดส้นเท้าบ่อยๆ จนหมดไฟในการฝึกซ้อม ... คุณอาจกำลังแก้ปัญหาผิดจุด !!! ปัญหาอาจอยู่ที่ เท้าแบน (Flat foot)  . วันนี้จะมาแนะนำ ""4 ท่าบริหารง่ายๆ แก้เท้าแบน"" ที่จะช่วยเสริมสร้างความแข็งแรงและลดอาการปวด เพื่อให้คุณกลับมาซ้อมได้เต็มที่แบบไม่ต้องกังวลอีกต่อไป... . 1. เดินด้วยส้นเท้าและปลายเท้า (Heel and Toe Walking) > ช่วยบริหารกล้ามเนื้อหลายส่วนในขาและเท้า และฝึกการควบคุมการเคลื่อนไหว 2. ยืนเขย่งปลายเท้า (Calf Raise) > ช่วยเสริมความแข็งแรงของกล้ามเนื้อน่อง ซึ่งเป็นกล้ามเนื้อสำคัญที่ช่วยพยุงอุ้งเท้าและรองรับแรงกระแทก  3. จิกผ้าขนหนู (Towel Curls) > ช่วยเสริมความแข็งแรงของกล้ามเนื้อนิ้วเท้าและฝ่าเท้า  4. กลิ้งลูกบอล (Ball Rolling) > ช่วยนวดและคลายกล้ามเนื้อฝ่าเท้าที่ตึง รวมถึงกระตุ้นการทำงานของอุ้งเท้า  . การฝึกท่าเหล่านี้อย่างสม่ำเสมอจะช่วยเพิ่มความแข็งแรงและความยืดหยุ่นให้เท้าได้ ซึ่งเป็นฐานสำคัญในการป้องกันอาการบาดเจ็บและเพิ่มศักยภาพในการเล่นกีฬาให้ดีขึ้นอีกด้วย . @powerpump45  @powerpump45  . #Flatfoot #เท้าแบน #BasicMakePerfect #PowerMakePossible #powerpump45  ","powerpump45","https://p16-common-sign.tiktokcdn.com/tos-alisg-p-0037/o4wgViML0A58iVe1ABAT2MDWiCRIqIvIhCptxL~tplv-tiktokx-origin.image?dr=14575&x-expires=1780556400&x-signature=X0BI4STIajW8L2xH97nK4fpPH0Y%3D&t=4d5b0474&ps=13740610&shp=81f88b70&shcp=43f4a2f9&idc=sg1","17.5K","visible-page+oembed"
"7541759005887171841","https://www.tiktok.com/@powerpump45/video/7541759005887171841","5 ท่า Mobility สำหรับนักฟุตบอลป้องกันการบาดเจ็บและเสริมความมั่นใจก่อนเล่น . . #mobility ##football #basicmakeperfect #powerpump45 #fyp  @powerpump45  @powerpump45  @powerpump45 ","powerpump45","https://p16-common-sign.tiktokcdn.com/tos-alisg-p-0037/o4ishAO0VARGATNAizaNCItBKtpfIMTACT9wEB~tplv-tiktokx-origin.image?dr=14575&x-expires=1780556400&x-signature=vRDdX9iaPdVCIskYrQrml72Gbjo%3D&t=4d5b0474&ps=13740610&shp=81f88b70&shcp=43f4a2f9&idc=sg1","1270","visible-page+oembed"
"7538300773256498433","https://www.tiktok.com/@powerpump45/video/7538300773256498433","","powerpump45","https://p16-common-sign.tiktokcdn.com/tos-alisg-p-0037/oQKWES6ERcKfywcS2gRWfQQnQAQogmDs3itBFB~tplv-tiktokx-origin.image?dr=14575&x-expires=1780556400&x-signature=IUbOX2mF9sWaSzLGbg1KL26mH8o%3D&t=4d5b0474&ps=13740610&shp=81f88b70&shcp=43f4a2f9&idc=sg1","34.2K","visible-page+oembed"
"7537295012162178311","https://www.tiktok.com/@powerpump45/video/7537295012162178311","4 ท่า ป้องกันอาการบาดเจ็บใต้เข่า (Osgood-Schlatter) . . #Osgood #เจ็บใต้เข่า  #ฟื้นฟูอาการบาดเจ็บ #ป้องกันการบาดเจ็บ  #PowerPump45 #ศูนย์พัฒนากีฬา #ซอยนวลจันทร์28","powerpump45","https://p16-common-sign.tiktokcdn.com/tos-alisg-p-0037/oMGllEQDoBstKjwFElPdfAIVEB3zfmsgkRQ80z~tplv-tiktokx-origin.image?dr=14575&x-expires=1780556400&x-signature=x0XBPEAp4xTvQZHmIkYEmVEy%2BAU%3D&t=4d5b0474&ps=13740610&shp=81f88b70&shcp=43f4a2f9&idc=sg1","12.2K","visible-page+oembed"
"7535819582674636040","https://www.tiktok.com/@powerpump45/video/7535819582674636040","5 สัญญาณ พ่อแม่ 👨🏻👩🏻 ช่วยเหลือลูกมากเกินไป . ""การสนับสนุนเป็นสิ่งที่ดี แต่การช่วยเหลือที่มากเกินไปอาจส่งผลเสียต่อการพัฒนาของนักกีฬาได้""  . ลองสำรวจดูนะ ว่ากำลังเจอสัญญาณเหล่านี้อยู่รึเปล่า ??? . #chanceisyourself #น#นักกีฬาเยาวชนพ#พ่อแม่และลูก#ครอบครัว#จ#จิตวิทยาการกีฬาpowerpump45 @powerpump45  @powerpump45  @powerpump45 ","powerpump45","https://p16-common-sign.tiktokcdn.com/tos-alisg-p-0037/ooKHJIbsUroAPOXn9lE5BFlERBADkgvceIfSO0~tplv-tiktokx-origin.image?dr=14575&x-expires=1780556400&x-signature=NGS3YDbAbvxFiBX5xgGss925Qy8%3D&t=4d5b0474&ps=13740610&shp=81f88b70&shcp=43f4a2f9&idc=sg1","977","visible-page+oembed"
"7534343255152954642","https://www.tiktok.com/@powerpump45/video/7534343255152954642","“กลัวอ้วน…เลยไม่กินคาร์บ นักฟุตบอลจะเป็นยังไง?” #คาร์บไม่ผิด #SportNutrition#โภชนาการกีฬา #Powerpump45","powerpump45","https://p19-common-sign.tiktokcdn.com/tos-alisg-p-0037/osRA8Bi6U2BAICwO6KAuidPAfyKAC0ICXjEj6Y~tplv-tiktokx-dmt-logom:tos-alisg-i-0068/oA9ABl5wEiAPUCc9vbdiUARIEAaXYALBvyVI9.image?dr=14573&x-expires=1780556400&x-signature=0%2FwfjA9PiPxaNqLUgp1er6585gg%3D&t=4d5b0474&ps=13740610&shp=81f88b70&shcp=43f4a2f9&idc=sg1","1078","visible-page+oembed"
"7533224326330436872","https://www.tiktok.com/@powerpump45/video/7533224326330436872","เพียงร่างกายแข็งแรง  ก็พัฒนาให้ทันได้ . #เริ่มช้าก็ทันได้ #ถ้าร่างกายแข็งแรง #fyp#น้องโฟกัส #basicmakeperfect#ฟีด #powerpump45","powerpump45","https://p16-common-sign.tiktokcdn.com/tos-alisg-p-0037/o4fhRi6yb0J8EwiBYYSiaCqBAhbtRIILF2qABA~tplv-tiktokx-origin.image?dr=14575&x-expires=1780556400&x-signature=%2BhXO0HzT5SlDeUvNzxNL7%2BF4f9Y%3D&t=4d5b0474&ps=13740610&shp=81f88b70&shcp=43f4a2f9&idc=sg1","913","visible-page+oembed"
"7531572899862367489","https://www.tiktok.com/@powerpump45/video/7531572899862367489","ใครควบคุมร่างกายได้ก่อน คนนั้นควบคุมเกมส์ได้ก่อน . #bodycontrol #fyp  #basicmakeperfect #ฟีด  #powerpump45 #thailand  @powerpump45  @powerpump45  @powerpump45 ","powerpump45","https://p16-common-sign.tiktokcdn.com/tos-alisg-p-0037/o06EsfYLEgmRDfAQADjEAUCUCBhFIFc2oXXWAE~tplv-tiktokx-origin.image?dr=14575&x-expires=1780556400&x-signature=fvF0TwvEGZBlMNe1SeLCQ5XxDXs%3D&t=4d5b0474&ps=13740610&shp=81f88b70&shcp=43f4a2f9&idc=sg1","1301","visible-page+oembed"
"7530466901030374672","https://www.tiktok.com/@powerpump45/video/7530466901030374672","การผ่าตัด ACL ไม่ได้หมายความว่า “จบ” แต่มันคือจุดเริ่มต้นของการฟื้นฟู เพื่อให้คุณ “กลับมาเล่น” อย่างมั่นใจ และ “ไม่กลับไปเจ็บซ้ำ” ที่เดิม . #recoveryispossible ##acl #fyp #basicmakeperfect  #powerpump45 #thailand  @powerpump45  @powerpump45  @powerpump45 ","powerpump45","https://p19-common-sign.tiktokcdn.com/tos-alisg-p-0037/okXhKL2RIgIQAABTlGefQArAGAGriGQaGAfeJS~tplv-tiktokx-origin.image?dr=14575&x-expires=1780556400&x-signature=DtyJLpcW1jMh1338RaIoWzS%2FP8Y%3D&t=4d5b0474&ps=13740610&shp=81f88b70&shcp=43f4a2f9&idc=sg1","6323","visible-page+oembed"
"7528693718417804545","https://www.tiktok.com/@powerpump45/video/7528693718417804545","“ทุกทักษะที่เฉียบคม ล้วนยืนอยู่บนพื้นฐานของแกนกลางที่มั่นคง” หากไม่มีความแข็งแรงจากภายใน การเคลื่อนไหวภายนอกย่อมไร้เสถียรภาพ #stability #fyp #control  #basicmakeperfect #ฟีด  #powerpump45 #thailand  @powerpump45  @powerpump45  @powerpump45 ","powerpump45","https://p16-common-sign.tiktokcdn.com/tos-alisg-p-0037/o0b8iFSPwW3IAEvz0AIBudiSCGA7KafSBJAYBA~tplv-tiktokx-origin.image?dr=14575&x-expires=1780556400&x-signature=QYAlhSFhL9ZyxPteIZo51%2ByFv40%3D&t=4d5b0474&ps=13740610&shp=81f88b70&shcp=43f4a2f9&idc=sg1","1111","visible-page+oembed"
"7528275582585539858","https://www.tiktok.com/@powerpump45/video/7528275582585539858","อาหาร 🥗 = การพัฒนา 💪🏻 #โภชนาการกีฬา#fyp#สิ่งที่ต้องรู้#SportNutrition #powerpump45","powerpump45","https://p16-common-sign.tiktokcdn.com/tos-alisg-p-0037/o0sI1fc5aAijDXgIBe9EArCozDeFEIr9QL3ojB~tplv-tiktokx-origin.image?dr=14575&x-expires=1780556400&x-signature=LZkErE9mDramxM9EJKpgfYQNFOM%3D&t=4d5b0474&ps=13740610&shp=81f88b70&shcp=43f4a2f9&idc=sg1","3726","visible-page+oembed"
"7527911762461609223","https://www.tiktok.com/@powerpump45/video/7527911762461609223","”พัฒนาได้ ถ้าร่างกายไหว“ . #น้องโอ๊ต #basicmakeperfect #ร่างกายก่อนทักษะ #fyp #powerpump45","powerpump45","https://p16-common-sign.tiktokcdn.com/tos-alisg-p-0037/oI0fIFMfA8GjSDjuQCBDrbCOD8EIeQxoADCxIv~tplv-tiktokx-origin.image?dr=14575&x-expires=1780556400&x-signature=q0NlYSIPfLeQlA%2FHRthwTIAcJTQ%3D&t=4d5b0474&ps=13740610&shp=81f88b70&shcp=43f4a2f9&idc=sg1","1312","visible-page+oembed"
"7526001098700639505","https://www.tiktok.com/@powerpump45/video/7526001098700639505","แรงแค่ไหนก็ไม่มีค่าถ้าคุมไม่ได้ ฝึกความมั่นคงก่อน  แล้วพลังจะยิ่งโตอย่างปลอดภัย #stability #fyp #control  #basicmakeperfect  #นักกีฬาต้องรู้ #ฟีด #นักบอล  #powerpump45 #thailand  @powerpump45  @powerpump45  @powerpump45 ","powerpump45","https://p16-common-sign.tiktokcdn.com/tos-alisg-p-0037/ogBcUESIDoZpbCufgEflAKAAIFSnAoBE32gRbx~tplv-tiktokx-origin.image?dr=14575&x-expires=1780556400&x-signature=1thvXXnIAdaNzybVPVgWC1Fkdkw%3D&t=4d5b0474&ps=13740610&shp=81f88b70&shcp=43f4a2f9&idc=sg1","2033","visible-page+oembed"
"7524961194432580880","https://www.tiktok.com/@powerpump45/video/7524961194432580880","เดินได้ไม่แปลว่าพร้อมกลับสนาม Movement control คือหัวใจของการฟื้น ACL ทุกก้าว ทุก landing ต้องนิ่ง คุมได้ ไม่หลุด กลับมาให้ไกลกว่าเดิม…ต้องเริ่มจากจุดเล็กที่สุด #ACLrecovery #fyp #movementcontrol  #นักกีฬาฟื้นฟู #ฟีด  #powerpump45 #thailand  @powerpump45  @powerpump45  @powerpump45 ","powerpump45","https://p16-common-sign.tiktokcdn.com/tos-alisg-p-0037/o4IhN5DjEFAhIwCbWAEUACEABpgDfRXuofGBg5~tplv-tiktokx-origin.image?dr=14575&x-expires=1780556400&x-signature=J3PrxiU%2FBZdYs9RPFAmQiF1UU8w%3D&t=4d5b0474&ps=13740610&shp=81f88b70&shcp=43f4a2f9&idc=sg1","2509","visible-page+oembed"
"7524641998729432336","https://www.tiktok.com/@powerpump45/video/7524641998729432336","ไม่ใช่แค่ฝึกวิ่ง แต่เป็นการเตรียมความพร้อมสู่ Pre-Season ที่ประเทศอเมริกา ถ้าอยากเป็นตัวจริงในสนาม ต้องมีแรงจนจบเกม การพัฒนา ”ความอึด“ จึงสำคัญ !!! . #running #intervaltraining #anaerobictraining #fyp  #อยากเป็นตัวจริงต้องอึด #ฟีด  ##powerpump45 #thailand ","powerpump45","https://p16-common-sign.tiktokcdn.com/tos-alisg-p-0037/o8DZAUDhQCEbXIESEfRzEM1BeYc2OgH8AEAAFo~tplv-tiktokx-origin.image?dr=14575&x-expires=1780556400&x-signature=xxM7tVHmAd9lFOj0he5s2GXPqm0%3D&t=4d5b0474&ps=13740610&shp=81f88b70&shcp=43f4a2f9&idc=sg1","2488","visible-page+oembed"
"7523828728804166929","https://www.tiktok.com/@powerpump45/video/7523828728804166929","ท่านี้ไม่ใช่แค่กระโดดแรง แต่ฝึก “เปลี่ยนทิศแบบคุมได้” อยากหยุดให้มั่น พุ่งได้ไว  ต้องซ้อมให้ร่างกายเบรกอยู่ #agilitytraining #jumpcontrol #นักกีฬาสายพุ่ง #ฝึกเปลี่ยนทิศ #powertraining #fyp #ฟีด  #powerpump45 #thailand  @powerpump45  @powerpump45  @powerpump45 ","powerpump45","https://p19-common-sign.tiktokcdn.com/tos-alisg-p-0037/oYoAUYqZICxEgAFR4BfI3oiAAaEgg2fByKADEb~tplv-tiktokx-origin.image?dr=14575&x-expires=1780556400&x-signature=oLccsSDig7CeHwhLnIIarDKoh2g%3D&t=4d5b0474&ps=13740610&shp=81f88b70&shcp=43f4a2f9&idc=sg1","3100","visible-page+oembed"
"7523471101708487953","https://www.tiktok.com/@powerpump45/video/7523471101708487953","ไม่ใช่แค่กระโดด…แต่ต้อง  “ระเบิดจากขาข้างเดียว” พุ่งจากพื้นไวขึ้น เปลี่ยนจังหวะเร็วขึ้น แล้วคุณจะรู้ว่าขามีของแค่ไหน #splitjump #explosivepower #athletetraining #นักกีฬาต้องระเบิด #ขาเดียวก็พุ่งได้ #fyp #ฟีด  #powerpump45 #thailand  @powerpump45  @powerpump45  @powerpump45 ","powerpump45","https://p16-common-sign.tiktokcdn.com/tos-alisg-p-0037/o4AALIAeo6oAd01vBZioCiaERBTBQg0U1EfBl4~tplv-tiktokx-origin.image?dr=14575&x-expires=1780556400&x-signature=X0h1w9sd7RxeLCtVzXH0MyDjXsI%3D&t=4d5b0474&ps=13740610&shp=81f88b70&shcp=43f4a2f9&idc=sg1","4022","visible-page+oembed"
"7523091049615576337","https://www.tiktok.com/@powerpump45/video/7523091049615576337","ยืดเบาๆ แต่ช่วยให้กล้ามเนื้อฟื้นเร็วขึ้น #passivestretching #fyp  #ยืดกล้ามเนื้อ #ฟีด  #basicmakeperfect  #powerpump45 #thailand  @มึนไปก็ขออภัย  @powerpump45  @powerpump45  @powerpump45 ","powerpump45","https://p19-common-sign.tiktokcdn.com/tos-alisg-p-0037/oUo4AGABA0yEnAPioBAaiBDEgjt2YFsdYBIFl~tplv-tiktokx-origin.image?dr=14575&x-expires=1780556400&x-signature=UzKA2Z3smR74ol7M9OI9eF%2FetiM%3D&t=4d5b0474&ps=13740610&shp=81f88b70&shcp=43f4a2f9&idc=sg1","11.8K","visible-page+oembed"
"7522724584550927634","https://www.tiktok.com/@powerpump45/video/7522724584550927634","พุ่งไกลไม่ใช่เพราะขาแรงอย่างเดียว แต่เพราะ “ร่างกายตอบสนองต่อแรงตกกระทันหันได้ดี” #plyometrictraining #explosivepower  #basicmakeperfect #athletetraining  #เปลี่ยนแรงลงเป็นแรงพุ่ง #ฟีด ","powerpump45","https://p19-common-sign.tiktokcdn.com/tos-alisg-p-0037/oYBMKEVIBYXswBF6wifiAvAAJi3uA0ACH64Ihm~tplv-tiktokx-origin.image?dr=14575&x-expires=1780556400&x-signature=dMGrjZYN9nPPjvYb%2BGt%2Bih3pVXA%3D&t=4d5b0474&ps=13740610&shp=81f88b70&shcp=43f4a2f9&idc=sg1","4140","visible-page+oembed"
"7522075003446185224","https://www.tiktok.com/@powerpump45/video/7522075003446185224","ทักษะจะคมแค่ไหน ถ้าร่างกายสั่น…ก็ใช้ไม่ได้ Skill ที่ดี เริ่มจาก “ควบคุมได้” ใน OPT Model — นี่คือขั้นตอนแรกก่อนจะพัฒนาสิ่งอื่น #PowerPump45 #BasicMakePerfect #OPTModel #ฝึกสกิลให้แม่นยำ #StabilityFirs @powerpump45  @powerpump45  @powerpump45 ","powerpump45","https://p16-common-sign.tiktokcdn.com/tos-alisg-p-0037/oIxhfFsEEI9IgTYn8jfc8t5ARtQKoDUbBFR2Bx~tplv-tiktokx-origin.image?dr=14575&x-expires=1780556400&x-signature=%2F%2BabBABAmtoyw3Q%2FEfPrTD%2B%2FXvw%3D&t=4d5b0474&ps=13740610&shp=81f88b70&shcp=43f4a2f9&idc=sg1","1322","visible-page+oembed"
"7521186843837123857","https://www.tiktok.com/@powerpump45/video/7521186843837123857","เปลี่ยนทิศทางที่ดี ต้องมีการออกตัวตัวที่แรง  #power #agility #fyp  #basicmakeperfect #ฟีด  #powerpump45 #thailand  @powerpump45  @powerpump45  @powerpump45 ","powerpump45","https://p16-common-sign.tiktokcdn.com/tos-alisg-p-0037/og1gjT20QEoAIADqnEwFdBfEIkDAFqAOKAf68f~tplv-tiktokx-origin.image?dr=14575&x-expires=1780556400&x-signature=qblYlvuS2n93rP41kvpJRkxGO2w%3D&t=4d5b0474&ps=13740610&shp=81f88b70&shcp=43f4a2f9&idc=sg1","8430","visible-page+oembed"
"7520802218237349121","https://www.tiktok.com/@powerpump45/video/7520802218237349121","เร็วขึ้นกว่าที่เคย หากแกนนิ่งขณะทำแรงระเบิด . #power #speed #ฟีด  #basicmakeperfect  #powerpump45 #fyp  @powerpump45  @powerpump45  @powerpump45 ","powerpump45","https://p19-common-sign.tiktokcdn.com/tos-alisg-p-0037/oIQegADAjg9vAZGQYLFseEw44PQItIAAoQofEb~tplv-tiktokx-origin.image?dr=14575&x-expires=1780556400&x-signature=MBQrt%2B4x8dfAImcDx2jZH%2BehBh0%3D&t=4d5b0474&ps=13740610&shp=81f88b70&shcp=43f4a2f9&idc=sg1","4421","visible-page+oembed"
"7520564966345166097","https://www.tiktok.com/@powerpump45/video/7520564966345166097","Landing ดี = ลดความเสี่ยงบาดเจ็บ . #landing #injury #ฟีด  #basicmakeperfect  #fyp #ChanceIsYourself  #powerpump45 #thailand  @powerpump45  @powerpump45  @powerpump45 ","powerpump45","https://p16-common-sign.tiktokcdn.com/tos-alisg-p-0037/o0AADIhQoIxAAjEQQieeELavCGAjgNI061eL7A~tplv-tiktokx-origin.image?dr=14575&x-expires=1780556400&x-signature=hxFr4Vckpqa%2FeJC4e0O4SuOTOEY%3D&t=4d5b0474&ps=13740610&shp=81f88b70&shcp=43f4a2f9&idc=sg1","1373","visible-page+oembed"
"7519861319558794497","https://www.tiktok.com/@powerpump45/video/7519861319558794497","Chance is yourself. . #powerpump45 #fyp #ChanceIsYourself #ฟีด #AthleteMindset #NoExcuses #Inspiration @powerpump45  @powerpump45  @powerpump45 ","powerpump45","https://p16-common-sign.tiktokcdn.com/tos-alisg-p-0037/oUvlqAC6bY0A7wEiAEBBqPBPiaA5AFyhIOExt~tplv-tiktokx-origin.image?dr=14575&x-expires=1780556400&x-signature=fiS4Yrg5PHLM30UdjXQXSKD5yyk%3D&t=4d5b0474&ps=13740610&shp=81f88b70&shcp=43f4a2f9&idc=sg1","582","visible-page+oembed"
"7518741259389881601","https://www.tiktok.com/@powerpump45/video/7518741259389881601","ไม่ใช่แค่ขนมปัง 🍞 แต่นี่คือ “แผน” ของนักกีฬาที่อยากไปให้ถึงเป้าหมาย . เริ่มจากวินัยที่คนอื่นมองข้าม . #ChanceIsYourself #fyp #BeforePractice #โภชนาการกีฬา#PowerPump45","powerpump45","https://p16-common-sign.tiktokcdn.com/tos-alisg-p-0037/o8Ae9L8VA5Yj6GfKIG7D9YAeBYIIrQToAAEXEC~tplv-tiktokx-origin.image?dr=14575&x-expires=1780556400&x-signature=QHwmKcWwcNb1%2BQ2JPe5%2BRbXSLVA%3D&t=4d5b0474&ps=13740610&shp=81f88b70&shcp=43f4a2f9&idc=sg1","854","visible-page+oembed"
"7517880548614851857","https://www.tiktok.com/@powerpump45/video/7517880548614851857","ทักษะ = ทำได้ ❌ หรือ = ใช้ถูกเวลา ✅ . ฝึกแบบ DST เพื่อให้ร่างกาย  “เลือกใช้” ทักษะได้ฉลาดขึ้น 🧠⚡ . Chance is yourself. . . #PowerPump45 #fyp #ChanceIsYourself#ฝึกให้ร่างกายฉลาดขึ้น #นักกีฬาสายลุย #DSTTraining @powerpump45  @powerpump45  @powerpump45 ","powerpump45","https://p16-common-sign.tiktokcdn.com/tos-alisg-p-0037/oAsLEuaVgCuRAIlVoAQCwmFfEqBpUOfwCGA8DA~tplv-tiktokx-origin.image?dr=14575&x-expires=1780556400&x-signature=pFbZyNq6OopWZXlYuOMTavbirt8%3D&t=4d5b0474&ps=13740610&shp=81f88b70&shcp=43f4a2f9&idc=sg1","1983","visible-page+oembed"
"7517260046552567057","https://www.tiktok.com/@powerpump45/video/7517260046552567057","พื้นฐานที่ดี คือ การเคลื่อนไหวให้ได้ในทุกสถานการณ์ เพราะร่างกายที่ฉลาด ไม่ใช่แค่ “ทำได้” แต่ “ต้องทำได้ทุกสถานการณ์” . 🎯 Foam – Bosu – Fitball ทุกพื้นผิว เปลี่ยนแรง เปลี่ยนสมดุล เปลี่ยนการตัดสินใจ . Chance is yourself. . . #PowerPump45 #BalanceDrills #ChanceIsYourself #ทักษะที่ใช้ได้จริง #thailand #fyp  @powerpump45  @powerpump45  @powerpump45 ","powerpump45","https://p16-common-sign.tiktokcdn.com/tos-alisg-p-0037/oQBpoEDIGfRlVErvAIeKAGAAsLfNAQDIPC2jzS~tplv-tiktokx-origin.image?dr=14575&x-expires=1780556400&x-signature=Z5H1gSebuoC2LWS8ULZzkUtM0uw%3D&t=4d5b0474&ps=13740610&shp=81f88b70&shcp=43f4a2f9&idc=sg1","1191","visible-page+oembed"
"7516521757587557639","https://www.tiktok.com/@powerpump45/video/7516521757587557639","เขาคือหนึ่งในผู้รักษาประตูดาวรุ่งของทีมชาติไทย และสโมสร Bangkok United แต่สิ่งที่น่าจดจำไม่ใช่แค่ผลงานในสนาม... แต่คือการที่เขายัง ‘เลือกซ้อมเพิ่ม’ แม้จะไม่มีใครบังคับ นี่คือสิ่งที่คนธรรมดา ‘เลือก’ จะทำ . Chance is yourself. . #powerpump45 #ChanceIsYourself #ศูนย์พัฒนานักกีฬา #โอกาสสร้างได้เอง ","powerpump45","https://p16-common-sign.tiktokcdn.com/tos-alisg-p-0037/oMGQIAAk0IqUCbA4DAKid1YiIoBFXJAn8wf2Mt~tplv-tiktokx-origin.image?dr=14575&x-expires=1780556400&x-signature=79ART20nenOyVEAtbJKnwblck4Y%3D&t=4d5b0474&ps=13740610&shp=81f88b70&shcp=43f4a2f9&idc=sg1","940","visible-page+oembed"
"7512312040577404177","https://www.tiktok.com/@powerpump45/video/7512312040577404177","พุ่งเซฟรอบแรกไม่ยาก แต่พุ่งซ้ำรอบ 3,4 แล้ว ยังแรงเหมือนเดิม Power Endurance คือพลังที่ “ไม่หมดเร็ว” . . #goalkeeperpower #fyp  #powerendurance #power #powermakepossible  #powerpump45 #thailand  @powerpump45  @powerpump45  @powerpump45 ","powerpump45","https://p16-common-sign.tiktokcdn.com/tos-alisg-p-0037/o0ICjjYeQgofIcD1MCgLUiAIguGTdpAkjAeQIm~tplv-tiktokx-origin.image?dr=14575&x-expires=1780556400&x-signature=6uTimC5u%2B29glEGqD7cZvXss43g%3D&t=4d5b0474&ps=13740610&shp=81f88b70&shcp=43f4a2f9&idc=sg1","1291","visible-page+oembed"
"7509345424365391121","https://www.tiktok.com/@powerpump45/video/7509345424365391121","การประสานสายตา-มือ-เท้า คือ หัวใจของCo-ordination แต่จะพุ่งให้ถึง ต้องมี Power ด้วย ท่่าฝึกนี้จะช่วยพัฒนา การพุ่งให้มีคุณภาพ . . #coordinationpower #fyp  #powermakepossible #power #goalkeepertraining  #powerpump45 #thailand  @powerpump45  @powerpump45  @powerpump45 ","powerpump45","https://p16-common-sign.tiktokcdn.com/tos-alisg-p-0037/oY05e9QQQMABfBt8fHXgtSxcCBeqeiAWMKGNHb~tplv-tiktokx-origin.image?dr=14575&x-expires=1780556400&x-signature=JoMTASk96zBvwWCQ%2F5%2Ber6Ls0Uk%3D&t=4d5b0474&ps=13740610&shp=81f88b70&shcp=43f4a2f9&idc=sg1","10.3K","visible-page+oembed"
"7509054197501889809","https://www.tiktok.com/@powerpump45/video/7509054197501889809","ดูเหมือนจะง่าย..แต่โคตรท้าทาย จะได้รู้ว่า ”ควบคุมแกนกลางดีมั้ย“ ฝึกให้นิ่ง เพื่อควบคุมทุกการเคลื่อนไหว ท่านี้ไม่ใช่แค่โชว์  แต่คือรากฐานที่มั่นคงของนักกีฬา . . #stabilization #fyp  #powermakepossible  #powerpump45 #thailand  @powerpump45  @powerpump45  @powerpump45 ","powerpump45","https://p16-common-sign.tiktokcdn.com/tos-alisg-p-0037/ogc1IsFH0Iq9CSA0hAGiB4KiIBBEDEA5HwfITL~tplv-tiktokx-origin.image?dr=14575&x-expires=1780556400&x-signature=08oCzm1iknVtU0xAEDA1nbzih80%3D&t=4d5b0474&ps=13740610&shp=81f88b70&shcp=43f4a2f9&idc=sg1","3133","visible-page+oembed"
"7505257147907853569","https://www.tiktok.com/@powerpump45/video/7505257147907853569","“เสริมขา-สะโพกให้มั่นคง! ทำไมเบสบอลต้องฝึก Deep Squat Side Step และ Duck Walk?” . การรับลูกเบสบอลต้องอาศัยท่าทางย่อต่ำ (low ready position) ที่มั่นคง เพื่อเคลื่อนตัวซ้าย-ขวาอย่างรวดเร็ว และพร้อมปะทะแรงปะทะจากลูกที่วิ่งเข้าหา . Deep Squat Side Step และ Duck Walk เป็นท่าฝึกที่ช่วยเสริมสร้าง 	•	ความแข็งแรงของกล้ามเนื้อ Quadriceps, Hamstrings และ Gluteus Maximus 	•	เพิ่ม Mobility ของสะโพก ข้อเท้า และ Stability ของแกนกลางลำตัว (Core Stability) 	•	ฝึก Neuromuscular Coordination ให้กล้ามเนื้อทำงานสัมพันธ์กันขณะเคลื่อนตัวต่ำ 	•	เสริม Agility และ Balance ขณะเคลื่อนไหวในท่าย่อ ลดความเสี่ยงบาดเจ็บเข่าและข้อเท้า . ซึ่งการเคลื่อนตัวในระดับ Low Stance ช่วยลดแรงกระแทกเข้าสู่เข่า กระจายแรงสู่สะโพก และเพิ่มโอกาสในการรับลูกได้อย่างมั่นคงมากขึ้น . อยากรับลูกเบสบอลให้แม่น ต้องเสริมรากฐานให้แข็งแรงก่อน . . #DeepSquatSideStep #fyp #DuckWalk #Baseball5 #championcomewithpower  #powerpump45 #thailand  @powerpump45  @powerpump45  @powerpump45 ","powerpump45","https://p16-common-sign.tiktokcdn.com/tos-alisg-p-0037/o4AVH4CoHoAABIZM8pvBaBAvEiYAhiAEilgyw~tplv-tiktokx-dmt-logom:tos-alisg-i-0068/oMAiAfHWDDAQFAmIKoEBA7E8UEoIw3fAwpjIfA.image?dr=14573&x-expires=1780556400&x-signature=a1oWACQj3AtTtrdaLJcN7ofaLUs%3D&t=4d5b0474&ps=13740610&shp=81f88b70&shcp=43f4a2f9&idc=sg1","1976","visible-page+oembed"
"7504555868478803217","https://www.tiktok.com/@powerpump45/video/7504555868478803217","ทุกการหมุน  ต้องเริ่มจากแกนกลางที่มั่นคง จะสามารถระเบิดพลังออกมาได้ . . #stabilization #corecontrol  #powermakepossible #fyp #baseball5 #rotationtraining  #powerpump45 #thailand  @powerpump45  @powerpump45  @powerpump45 ","powerpump45","https://p16-common-sign.tiktokcdn.com/tos-alisg-p-0037/oMRlIsJJ0EKACAAwiBEioATiI2BAUmAGswfDda~tplv-tiktokx-origin.image?dr=14575&x-expires=1780556400&x-signature=Y4%2FQyHPMImA0Momd%2FseTX2ORt%2FM%3D&t=4d5b0474&ps=13740610&shp=81f88b70&shcp=43f4a2f9&idc=sg1","1274","visible-page+oembed"
"7503817745302080785","https://www.tiktok.com/@powerpump45/video/7503817745302080785","จะมีผลงาน ได้ตลอดทั้งเกมส์แน่นอน ถ้าหากสามารถ ออกระเบิดขาเดียวได้ดีและยังสามารถคุม คุณภาพการระเบิดได้นาน . . #power #jump #endurance  #powermakepossible #fyp  #powerpump45 #thailand @powerpump45  @powerpump45  @powerpump45 ","powerpump45","https://p16-common-sign.tiktokcdn.com/tos-alisg-p-0037/oQqSEFFAA2Ug8oliBADAIqItReog6CAEAuEVfy~tplv-tiktokx-origin.image?dr=14575&x-expires=1780556400&x-signature=UF8a2iSo6UwPvs7wt7dLnLzwWnA%3D&t=4d5b0474&ps=13740610&shp=81f88b70&shcp=43f4a2f9&idc=sg1","10.7K","visible-page+oembed"
"7503016762217188625","https://www.tiktok.com/@powerpump45/video/7503016762217188625","olf landing = Less injury ควบคุมกล้ามเนื้อผ่อนแรงให้ดี จะลดแรงกระแทกในการลงสู่พื้น . . #stabilization #power #powermakepossible #fyp  #powerpump45 #thailand  @powerpump45  @powerpump45  @powerpump45 ","powerpump45","https://p16-common-sign.tiktokcdn.com/tos-alisg-p-0037/oYDUAExAIIEItFrE1U2fArmidXAfCRgKgoEBAB~tplv-tiktokx-origin.image?dr=14575&x-expires=1780556400&x-signature=Uri4fs8HJ6qPtjtXf98aQ7SX6FU%3D&t=4d5b0474&ps=13740610&shp=81f88b70&shcp=43f4a2f9&idc=sg1","1327","visible-page+oembed"
"7501961770228141329","https://www.tiktok.com/@powerpump45/video/7501961770228141329","นักกีฬาที่มีปฏิกิริยาดี จะช่วยให้มีการตัดสินใจที่ไว ทำให้ได้เปรียบคู่ต่อสู้ก่อน 1 จังหวะ . . #coordination #reaction  #powermakepossible #fyp  #powerpump45 #thailand  @powerpump45  @powerpump45  @powerpump45 ","powerpump45","https://p16-common-sign.tiktokcdn.com/tos-alisg-p-0037/okBWAixAlIUDciqCRKlfA2arDVADBIwUc0EiAA~tplv-tiktokx-origin.image?dr=14575&x-expires=1780556400&x-signature=hPklMCkiE1AqZZf9etaI0HW8ZDM%3D&t=4d5b0474&ps=13740610&shp=81f88b70&shcp=43f4a2f9&idc=sg1","1576","visible-page+oembed"
"7501175323149470992","https://www.tiktok.com/@powerpump45/video/7501175323149470992","นักกีฬาทุกคนควรมีพื้นฐานที่ดี การควบคุมข้อต่อให้นิ่งทั้งร่างกายนั้น จะส่งผลให้นักกีฬา ทำทักษะ  ได้ง่ายขึ้น และจะส่งผลต่อผลงานในสนามได้ . . #stabilization #training #powermakepossible #fyp  #powerpump45 #thailand  @powerpump45  @powerpump45  @powerpump45 ","powerpump45","https://p16-common-sign.tiktokcdn.com/tos-alisg-p-0037/oA1Cmj7Y21AIBiyHrBW9EZvilhhABEaAAZAEA~tplv-tiktokx-origin.image?dr=14575&x-expires=1780556400&x-signature=zrCbRYMaW7xIaAPoWCVjaLGRgm8%3D&t=4d5b0474&ps=13740610&shp=81f88b70&shcp=43f4a2f9&idc=sg1","11.3K","visible-page+oembed"
"7500072287870258449","https://www.tiktok.com/@powerpump45/video/7500072287870258449","นักกีฬาที่ประสบความสำเร็จ ไม่ได้เก่งตั้งแต่วันแรก พวกเขาเริ่มต้นจากศูนย์เหมือนกับทุกคน  แต่สิ่งที่ทำให้พวกเขาแตกต่างคือ ‘ความกล้า’ กล้าทำในวันที่ยังไม่พร้อม กล้าซ้อมในวันที่ร่างกายล้า  และกล้ายืนหยัดในวันที่ใจอยากจะถอย . . #power #powerpump45  #championcomewithpower  #fyp #baseball5 #thailand ","powerpump45","https://p16-common-sign.tiktokcdn.com/tos-alisg-p-0037/oQ4IzCiAnAA5kVKCCV4UnawEBfAiiAAXSBA0sI~tplv-tiktokx-origin.image?dr=14575&x-expires=1780556400&x-signature=hA%2Bn8d337%2F1cm3%2FYoIgsg7QE3%2Bs%3D&t=4d5b0474&ps=13740610&shp=81f88b70&shcp=43f4a2f9&idc=sg1","1144","visible-page+oembed"
"7497135080331070737","https://www.tiktok.com/@powerpump45/video/7497135080331070737","ระเบิดพลังต่อเนื่องให้มีคุณภาพ ด้วยการฝึกระบบประสาทสัมพันธ์ โดยแบบฝึกกระโดดเชือก . . #power #coordination #jumprope #powermakepossible #fyp  #powerpump45 #thailand ","powerpump45","https://p16-common-sign.tiktokcdn.com/tos-alisg-p-0037/okYYsEABvALA2r4SAanArEBlqALsiiA4IMBKX~tplv-tiktokx-origin.image?dr=14575&x-expires=1780556400&x-signature=NfbpYcJZ1oL%2BshDIRZBY6GCz9zA%3D&t=4d5b0474&ps=13740610&shp=81f88b70&shcp=43f4a2f9&idc=sg1","1360","visible-page+oembed"
"7492269789017148673","https://www.tiktok.com/@powerpump45/video/7492269789017148673","การฝึก eccentric power ช่วย ลดความเสี่ยงในการบาดเจ็บซ้ำ และช่วย พัฒนาควบคุมการเคลื่อนไหว เช่น landing จังหวะผ่อนแรงลงสู่พื้น deceleration จังหวะผ่อนแรงหยุดกระทันหัน . . #acl #rehab #power  #powermakepossible #fyp  #powerpump45 #thailand ","powerpump45","https://p16-common-sign.tiktokcdn.com/tos-alisg-p-0037/owZxIVURAE3PmDBhBAgiEf97Ef4MnuiCcAH05A~tplv-tiktokx-origin.image?dr=14575&x-expires=1780556400&x-signature=I2XmcAbAvIg1jlSg%2FsKtFLF44H4%3D&t=4d5b0474&ps=13740610&shp=81f88b70&shcp=43f4a2f9&idc=sg1","2115","visible-page+oembed"
"7491239853946834192","https://www.tiktok.com/@powerpump45/video/7491239853946834192","ขาเดียวที่มั่นคง เกิดจากการทรงตัวที่ดี ที่มาจากการคุมข้อต่อให้นิ่ง รวมถึงการผ่อนแรงที่ดีจากกล้ามเนื้อ . . #stabilization #power  #powermakepossible #fyp  #powerpump45 #thailand @powerpump45  @powerpump45  @powerpump45 ","powerpump45","https://p16-common-sign.tiktokcdn.com/tos-alisg-p-0037/oYHIrdggI2wIoT7EisSGeDWjYFALAAHAAsfPQe~tplv-tiktokx-origin.image?dr=14575&x-expires=1780556400&x-signature=2qbCEFlpYUnQJAbnSI7Nhc4%2FdzU%3D&t=4d5b0474&ps=13740610&shp=81f88b70&shcp=43f4a2f9&idc=sg1","1599","visible-page+oembed"
"7489006810817400081","https://www.tiktok.com/@powerpump45/video/7489006810817400081","กีฬาที่ใช้แรงระเบิดส่วนบน ควรมีการฝึกควบคุมข้อต่อของไหล่ให้นิ่ง เพื่อนำความแข็งแรงของกล้ามเนื้อที่มี ไปสู่แรงระเบิดที่ดีและมีคุณภาพได้ . . #stabilization #power  #powermakepossible #fyp  #powerpump45 #thailand  @powerpump45  @powerpump45  @powerpump45 ","powerpump45","https://p16-common-sign.tiktokcdn.com/tos-alisg-p-0037/oUiYAAmz9AW0ADGAi7jyDITBK1ufIO5ACRDwEB~tplv-tiktokx-origin.image?dr=14575&x-expires=1780556400&x-signature=sAF1zob%2BvO3zPCaEXv%2FUMsSgwec%3D&t=4d5b0474&ps=13740610&shp=81f88b70&shcp=43f4a2f9&idc=sg1","1325","visible-page+oembed"
"7487126704356363537","https://www.tiktok.com/@powerpump45/video/7487126704356363537","นักกีฬาที่เคยบาดเจ็บรุนแรง ควรฝึกสิ่งที่ยากและหนักกว่าที่เคยทำได้ เพราะจะส่งผลถึงความมั่นใจที่จะกล้าทำ เพื่อการกลับมาที่แข็งแกร่งกว่าเดิม . . น้องฟาริส ผ่าACL มาแล้ว 5 เดือน . . #stabilization #power  #powermakepossible  #acl #injury #rehab #fyp  #powerpump45 #thailand @powerpump45  @powerpump45  @powerpump45 ","powerpump45","https://p16-common-sign.tiktokcdn.com/tos-alisg-p-0037/oAQR5UnA5eNN0GQPDBIxd5FHqAAC9gfqEPEA0I~tplv-tiktokx-origin.image?dr=14575&x-expires=1780556400&x-signature=Wkx6OcO97MJwS5Nd2FIHvm%2FEbAg%3D&t=4d5b0474&ps=13740610&shp=81f88b70&shcp=43f4a2f9&idc=sg1","3140","visible-page+oembed"
"7484479056675704080","https://www.tiktok.com/@powerpump45/video/7484479056675704080","ถ้าหากแกลางกลางลำตัวนิ่ง พร้อมกับสามารถออกแรงกล้ามเนื้อส่วนบนได้ เราจะคุมกล้ามเนื้อในการเบียดปะทะ ได้ดีขึ้น . . #stabilization #strength  #powermakepossible #fyp  #powerpump45 #thailand  @powerpump45  @powerpump45  @powerpump45 ","powerpump45","https://p16-common-sign.tiktokcdn.com/tos-alisg-p-0037/ogAQgEzARYFInANfeAW3Gjj1nGkDECF5UEnB1z~tplv-tiktokx-origin.image?dr=14575&x-expires=1780556400&x-signature=p3yg4D2JUi0Ghgwy05RS590hbok%3D&t=4d5b0474&ps=13740610&shp=81f88b70&shcp=43f4a2f9&idc=sg1","1144","visible-page+oembed"
"7484127129173576976","https://www.tiktok.com/@powerpump45/video/7484127129173576976","คิดเร็ว ตัดสินใจถูกต้อง จะสามารถเอาชนะในจังหวะเล็กๆน้อยได้ . . #cognitiveskills #baseball5 #fyp  #championscomewithpower  #powerpump45 #thailand @powerpump45  @powerpump45  @powerpump45 ","powerpump45","https://p16-common-sign.tiktokcdn.com/tos-alisg-p-0037/o4hIYiv3ZDFYryaEzKIlAYEAABA89csT92AiB~tplv-tiktokx-origin.image?dr=14575&x-expires=1780556400&x-signature=0BqFHQ8AsCn0nAHG%2Bo1vBYcgfhQ%3D&t=4d5b0474&ps=13740610&shp=81f88b70&shcp=43f4a2f9&idc=sg1","995","visible-page+oembed"
"7483773668133309712","https://www.tiktok.com/@powerpump45/video/7483773668133309712","ถ้าควบคุมร่างกายให้นิ่งได้ ส่งผลให้สามารถระเบิดพลังออกมาได้ และจะลดความเสี่ยงของการบาดเจ็บด้วย . . #stabilization #aquabag #fyp  #powermakepossible #injury   #powerpump45 #thailand  @powerpump45  @powerpump45  @powerpump45 ","powerpump45","https://p16-common-sign.tiktokcdn.com/tos-alisg-p-0037/o8D2UEtIDfbS7CtlgEfKA0AAJFJiAnBEx3rRhb~tplv-tiktokx-origin.image?dr=14575&x-expires=1780556400&x-signature=hv5TMOi7rSRQ1UrGZf9dt66GwwE%3D&t=4d5b0474&ps=13740610&shp=81f88b70&shcp=43f4a2f9&idc=sg1","2634","visible-page+oembed"
"7483461517107563792","https://www.tiktok.com/@powerpump45/video/7483461517107563792","5-0-5 Agility Test จะเป็นการทดสอบวิ่งเปลี่ยนทิศทาง หากคนที่คล่องมากๆ  เวลาจะได้ต่ำกว่า 5 วินาที . . #agilty #test #fyp #505  #powermakepossible  #powerpump45 #thailand  @powerpump45  @powerpump45  @powerpump45 ","powerpump45","https://p16-common-sign.tiktokcdn.com/tos-alisg-p-0037/oQKqEkFTATUkMc9aBADAIi29RengmCDEApEqfD~tplv-tiktokx-origin.image?dr=14575&x-expires=1780556400&x-signature=o54M35K2bU4WsWpL0nAmj%2FgGrFE%3D&t=4d5b0474&ps=13740610&shp=81f88b70&shcp=43f4a2f9&idc=sg1","1403","visible-page+oembed"
"7481931282235149584","https://www.tiktok.com/@powerpump45/video/7481931282235149584","ทุกก้าวที่เดินไป แม้จะยังไม่เห็นจุดหมาย แต่มันจะพาคุณไปไกลกว่าการยืนอยู่ที่เดิมเสมอ . เพราะทุกย่างก้าว คือ พลังที่สะสม  ทุกความพยายาม คือ แรงผลักดัน  และทุกการตัดสินใจที่จะก้าวไปข้างหน้า คือ สิ่งที่ทำให้คุณเข้าใกล้ชัยชนะมากขึ้นเรื่อย ๆ  . แม้เส้นทางจะยากลำบาก เพราะแชมป์ไม่ได้เกิดจากคนที่ยืนอยู่กับที่  แต่เกิดจากคนที่ไม่เคยหยุดเดิน . . #power #fyp #baseball5  #championscomewithpower  #powerpump45 #thailand  @powerpump45  @powerpump45  @powerpump45 ","powerpump45","https://p16-common-sign.tiktokcdn.com/tos-alisg-p-0037/okk1DfeAEEPcIQKurAngFCpVERRSAAloDBBAPn~tplv-tiktokx-origin.image?dr=14575&x-expires=1780556400&x-signature=SQNvCSKHfprUimbWH8p1nrQRm48%3D&t=4d5b0474&ps=13740610&shp=81f88b70&shcp=43f4a2f9&idc=sg1","858","visible-page+oembed"
"7481630147943124225","https://www.tiktok.com/@powerpump45/video/7481630147943124225","คล่องขึ้นแน่นอน หากสามารถระเบิดต่อเนื่องได้ดี . . #power #fyp #baseball5  #championscomewithpower  #powerpump45 #thailand  @powerpump45  @powerpump45  @powerpump45 ","powerpump45","https://p16-common-sign.tiktokcdn.com/tos-alisg-p-0037/oYgcEQHcUDAxF2AQABFeBRnADENg2CM1Ijf7UE~tplv-tiktokx-origin.image?dr=14575&x-expires=1780556400&x-signature=0bY9ZTKFQ0TQN172YESS33VA6cc%3D&t=4d5b0474&ps=13740610&shp=81f88b70&shcp=43f4a2f9&idc=sg1","2887","visible-page+oembed"
"7480770250422635792","https://www.tiktok.com/@powerpump45/video/7480770250422635792","ออกตัวเร็วขึ้นแน่นอน หากออกแรงระเบิดได้เวลาสั้นๆได้ดี . . #power #baseball5 #fyp  #championscomewithpower  #powerpump45 #thailand @powerpump45  @powerpump45  @powerpump45 ","powerpump45","https://p19-common-sign.tiktokcdn.com/tos-alisg-p-0037/o0VPAJfBIE8UIMzC6C1zD61IRBPAiiRAiAA6Iw~tplv-tiktokx-origin.image?dr=14575&x-expires=1780556400&x-signature=iNS9QNNY4h1I2wflyvq1gyILBrM%3D&t=4d5b0474&ps=13740610&shp=81f88b70&shcp=43f4a2f9&idc=sg1","9714","visible-page+oembed"
"7478902495415110913","https://www.tiktok.com/@powerpump45/video/7478902495415110913","อาการแหย่ง คือ ปัญหาของทางจิตใจ เป็นความกลัว ในมุมการเคลื่อนไหวที่เคยเจ็บมา การฝึกที่หนัก และยากขึ้นจะทำให้เกิด ความกล้า ที่ส่งผลให้นักกีฬาเกิดความเชื่อมั่นในตนเอง . . น้องฟาริส ผ่าACL มาแล้ว 4 เดือน . . #stabilization #power  #powermakepossible  #acl #injury #rehab #fyp  #powerpump45 #thailand  @powerpump45  @powerpump45  @powerpump45 ","powerpump45","https://p16-common-sign.tiktokcdn.com/tos-alisg-p-0037/oQ9n3UZHAAAeARQCgEF8yZUDdfC5wlmEBECDKI~tplv-tiktokx-origin.image?dr=14575&x-expires=1780556400&x-signature=m47kW%2F2UEyAtKOki0O90pwakZAs%3D&t=4d5b0474&ps=13740610&shp=81f88b70&shcp=43f4a2f9&idc=sg1","12.9K","visible-page+oembed"
"7478530799554350354","https://www.tiktok.com/@powerpump45/video/7478530799554350354","การเปลี่ยนทิศทางจะดีขึ้น หากมีการลงสู่พื้นขาเดียวของด้านข้างที่ดี โดยการผ่อนแรง ที่ดูสมูธและนิ่งมั่นคงจะทำให้ ระเบิดพลังในการออกตัวได้ทรงพลัง . . #stabilization #power #fyp  #championscomewithpower  #baseball5 #thailand #powerpump45 #coach ","powerpump45","https://p16-common-sign.tiktokcdn.com/tos-alisg-p-0037/oMALgRkejPIfGoD3EeGSkhLiAF9kAADIlEKAQI~tplv-tiktokx-origin.image?dr=14575&x-expires=1780556400&x-signature=XAT33RTPfRA6GbzqPG7X5YODQYE%3D&t=4d5b0474&ps=13740610&shp=81f88b70&shcp=43f4a2f9&idc=sg1","4404","visible-page+oembed"
"7476316336503672080","https://www.tiktok.com/@powerpump45/video/7476316336503672080","สิ่งสำคัญของนักกีฬาที่เคยเจ็บ จะมีความกลัว กับการเคลื่อนไหวในมุมที่เจ็บ การฝึกการควบคุมร่างกายพื้นฐาน จะช่วยให้การเคลื่อนไหวท่าที่ถูกต้อง และจะสามารถใช้งานร่างกายได้ดีกว่าเดิม . . #stabilization #strength  #powermakepossible #fyp  #injury #knee #kneeinjury  #powerpump45 #thailand  @powerpump45  @powerpump45  @powerpump45 ","powerpump45","https://p16-common-sign.tiktokcdn.com/tos-alisg-p-0037/ociAIKAfJiYEEcCIWN4zpAisAACBGDwAA053BB~tplv-tiktokx-origin.image?dr=14575&x-expires=1780556400&x-signature=IR0mwAUgSztINeJeUj3q6aYGQ%2BI%3D&t=4d5b0474&ps=13740610&shp=81f88b70&shcp=43f4a2f9&idc=sg1","1160","visible-page+oembed"
"7475307874424540434","https://www.tiktok.com/@powerpump45/video/7475307874424540434","แกนกลางลำตัวมั่นคงในขณะว่ายน้ำ ทำให้ตัวจะลอยขึ้น ส่งผลให้ว่ายได้ไหลขึ้น และจะสามารถระเบิดพลัง เพื่อเวลาที่ลดลงได้ . . #stabilization #fyp  #powermakepossible  #powerpump45 #thailand  @powerpump45  @powerpump45  @powerpump45 ","powerpump45","https://p16-common-sign.tiktokcdn.com/tos-alisg-p-0037/o4CuRADQvFafDAep784MUhsEAmxFIEnOBQgAdc~tplv-tiktokx-origin.image?dr=14575&x-expires=1780556400&x-signature=%2F9OHg8XuGdpGzNHB3EG%2BoIFim7A%3D&t=4d5b0474&ps=13740610&shp=81f88b70&shcp=43f4a2f9&idc=sg1","1220","visible-page+oembed"
"7474828026220514615","https://www.tiktok.com/@powerpump45/video/7474828026220514615","Stabilize total body คือ แบบฝึกในการควบคุมข้อต่อร่างกายในทุกส่วนไปพร้อมๆกัน เพื่อที่เราจะได้มีความมั่นคงและแข็งแรงในการควบคุมกล้ามเนื้อและข้อต่อได้ตามที่เราต้องการอย่างมีประสิทธิภาพ เมื่อเรามี ”Stabilize“ ที่ดีจะช่วยให้เราควบคุมและออกแรงได้ดียิ่งขึ้น นอกจากนี้จะสามารถทำให้เราควบคุมทิศทางและส่งแรงได้ตามความคิดที่เราปรารถนาอย่างแม่นยำ กีฬาฟุตบอลเป็นกีฬาที่นักกีฬา ต้องใช้ “Stabilize” เป็นประจำในทุกท่าของการเล่นถ้าหากนักกีฬามีความมั่นคงของข้อต่อและกล้ามเนื้อในแต่ละส่วนที่ดีก็จะทำให้ส่งแรงในการวิ่งออกตัว หรือ ในการเตะลูกฟุตบอล มีความมั่นคงและออกแรงไปยังเป้าหมายได้ดียิ่งขึ้น นอกจากนั้น ”Stabilize” ยังเป็นพื้นฐานของนักกีฬาที่มี Performance ทางด้าน Balance ที่ดีอีกด้วย  . . #Stabiliztotalbody #fyp #powermakepossible  #powerpump45 #thailand  @powerpump45  @powerpump45  @powerpump45 ","powerpump45","https://p16-common-sign.tiktokcdn.com/tos-maliva-p-0068/okfjEIyZRqE0CAe7mVERIba7gAFICPAedODSAE~tplv-tiktokx-origin.image?dr=14575&x-expires=1780556400&x-signature=TX6W7uzg27DdcLX5lkP%2FcByJN%2Fw%3D&t=4d5b0474&ps=13740610&shp=81f88b70&shcp=43f4a2f9&idc=sg1","2233","visible-page+oembed"
"7474231222676344069","https://www.tiktok.com/@powerpump45/video/7474231222676344069","เป็นเกมที่ช่วยพัฒนาทักษะการควบคุมลูกเบสบอล โดยเฉพาะในสถานการณ์ที่ท้าทายและยากขึ้น  จะเป็นการจำลองสถานการณ์การแข่งขัน ที่จะช่วยเพิ่มความแม่นยำและความรวดเร็ว ในการจับลูกที่มีความแรงและทิศทางต่างๆได้ . . #championcomewithpower #gamesense #fyp #baseball5  #powerpump45 #thailand  @powerpump45  @powerpump45  @powerpump45 ","powerpump45","https://p19-common-sign.tiktokcdn.com/tos-maliva-p-0068/o4CKAzwuXFCADEcAEnEDebfJIASCQ2v1BJ50UR~tplv-tiktokx-origin.image?dr=14575&x-expires=1780556400&x-signature=bKD3v5rFxgg8WBJQ7%2F%2F62DkG7y0%3D&t=4d5b0474&ps=13740610&shp=81f88b70&shcp=43f4a2f9&idc=sg1","1190","visible-page+oembed"
"7473744581054549303","https://www.tiktok.com/@powerpump45/video/7473744581054549303","Power = Velocity x Force . . #power #vbt #fyp  #powermakepossible  #powerpump45 #thailand  @powerpump45  @powerpump45  @powerpump45 ","powerpump45","https://p16-common-sign.tiktokcdn.com/tos-maliva-p-0068/oM4vQuDAAInAFCSMZJfCROjiyf5PEBE3AEBX7E~tplv-tiktokx-origin.image?dr=14575&x-expires=1780556400&x-signature=pyy4Oc%2B54w4CskmmxWnhfggZZgA%3D&t=4d5b0474&ps=13740610&shp=81f88b70&shcp=43f4a2f9&idc=sg1","1116","visible-page+oembed"
"7473040164168764673","https://www.tiktok.com/@powerpump45/video/7473040164168764673","แกนกลางลำตัวต้องนิ่ง พร้อมฝึกระบบประสาทสัมพัทธ์ เพื่อการควบคุมและสั่งการ เรือใบ  ขณะที่ลมแรง คลื่นแรง ก็จะคุมได้ดี . . #stabilization #coordination  #powermakepossible #fyp  #powerpump45 #thailand  @powerpump45  @powerpump45  @powerpump45 ","powerpump45","https://p16-common-sign.tiktokcdn.com/tos-alisg-p-0037/osCIBiwZEvzA9aCnIB1ApIiAJ2XvkAfs05Atk9~tplv-tiktokx-origin.image?dr=14575&x-expires=1780556400&x-signature=4WRSG5UI8%2FPEVWPzfhoucD%2BIGqI%3D&t=4d5b0474&ps=13740610&shp=81f88b70&shcp=43f4a2f9&idc=sg1","3995","visible-page+oembed"
"7471996429741886737","https://www.tiktok.com/@powerpump45/video/7471996429741886737","ถ้าหากเราคุมแกนกลางลำตัวให้มั่นคง เราก็จะสามารถคุมร่างกายได้ดียิ่งขึ้น  ส่งผลให้การทรงตัวดี และล้มอยากขึ้น . . #stabilizations #fyp #powermakepossible  #powerpump45 #thailand","powerpump45","https://p16-common-sign.tiktokcdn.com/tos-alisg-p-0037/ogxpEoi2rGAT35AXA7LeDjPACIEAeE6YImebxI~tplv-tiktokx-origin.image?dr=14575&x-expires=1780556400&x-signature=eGeqLFqjpYwN7j3JhF%2FnacCUQck%3D&t=4d5b0474&ps=13740610&shp=81f88b70&shcp=43f4a2f9&idc=sg1","1186","visible-page+oembed"
"7471494053075389712","https://www.tiktok.com/@powerpump45/video/7471494053075389712","ถ้าหากนักกีฬาเบสบอล สามารถคุมร่างกายได้นิ่งและมั่นคง จะสามารถระเบิดพลังออกได้อีกระดับ . . #stablization #power #fyp  #championcomewithpower #powerpump45 #thailand  #baseball5 #baseball  @powerpump45  @powerpump45  @powerpump45 ","powerpump45","https://p16-common-sign.tiktokcdn.com/tos-alisg-p-0037/o0t6FPACeAERAeGnIFRwimIAfLjMCYlAigIED5~tplv-tiktokx-origin.image?dr=14575&x-expires=1780556400&x-signature=9PoSjeHVj40zLWcuG5mJ7skSM9k%3D&t=4d5b0474&ps=13740610&shp=81f88b70&shcp=43f4a2f9&idc=sg1","1500","visible-page+oembed"
"7470823737030364432","https://www.tiktok.com/@powerpump45/video/7470823737030364432","แกนกลางลำตัวนิ่งและมั่นคง  ส่งผลให้การเบียดปะทะได้แข็งแกร็งขึ้น . . #stabilizationstrength #powermakepossible #powerpump45 #fyp  @powerpump45  @powerpump45  @powerpump45 ","powerpump45","https://p19-common-sign.tiktokcdn.com/tos-alisg-p-0037/ocuSlwAnEizoVEAAtszCtBqB1IRLKRAfwAhiCI~tplv-tiktokx-origin.image?dr=14575&x-expires=1780556400&x-signature=C4eBTFxoLUhPeE067OYktiHRZ84%3D&t=4d5b0474&ps=13740610&shp=81f88b70&shcp=43f4a2f9&idc=sg1","1199","visible-page+oembed"
"7470079459127758097","https://www.tiktok.com/@powerpump45/video/7470079459127758097","จะออกตัวแรงและเร็วขึ้นแน่นอน ถ้าแกนกลางลำตัวทำงานร่วมกับ กล้ามเนื้อส่วนล่างให้นิ่งและมั่นคง . . #stabilization #core  #powermakepossible  #powerpump45 #fyp  @powerpump45  @powerpump45  @powerpump45 ","powerpump45","https://p16-common-sign.tiktokcdn.com/tos-alisg-p-0037/ogPAo3rfNEPEhALj8DEIfcbAAVIZAveCZuDGIv~tplv-tiktokx-origin.image?dr=14575&x-expires=1780556400&x-signature=EoI35oKfSsJnavGoJo9Mhb3nZtA%3D&t=4d5b0474&ps=13740610&shp=81f88b70&shcp=43f4a2f9&idc=sg1","2624","visible-page+oembed"
"7469268754527030544","https://www.tiktok.com/@powerpump45/video/7469268754527030544","ถ้าหากการควบคุมร่างกายดี ก็จะสามารถระเบิดพลังออกมาได้ . . #stablization #strength  #powermakepossible #fyp  #powerpump45 #vbt #power  @powerpump45  @powerpump45  @powerpump45 ","powerpump45","https://p16-common-sign.tiktokcdn.com/tos-alisg-p-0037/oMXjEmqqgy2RAIXSnAQFh4FfEpBQUCfWCgA4DA~tplv-tiktokx-origin.image?dr=14575&x-expires=1780556400&x-signature=HaD%2BP%2B9BduWulZQijNwB7vz0ewU%3D&t=4d5b0474&ps=13740610&shp=81f88b70&shcp=43f4a2f9&idc=sg1","736","visible-page+oembed"
"7468917016859020560","https://www.tiktok.com/@powerpump45/video/7468917016859020560","ปูพื้นฐานร่างกายในวัยเด็ก ด้วยการฝึกควบคุมร่างกายในการเกร็งแกนกลางลำตัว เพื่อต่อยอดการเคลื่อนไหวของการเล่นกีฬา และจะสามารถระเบิดพลังในการแข่งขันได้ . . #stabilization #kids  #powermakepossible  #powerpump45 #fyp ","powerpump45","https://p16-common-sign.tiktokcdn.com/tos-alisg-p-0037/o4N7ATGAAQPALFGkHoeEjPpfSfFj2dIuAID6LI~tplv-tiktokx-origin.image?dr=14575&x-expires=1780556400&x-signature=7%2BmihGLzj4HABOKgexZbq%2BpAs3g%3D&t=4d5b0474&ps=13740610&shp=81f88b70&shcp=43f4a2f9&idc=sg1","646","visible-page+oembed"
"7468306381095980305","https://www.tiktok.com/@powerpump45/video/7468306381095980305","นักฟุตบอลอยากออกตัววิ่งซ้ำๆได้เร็ว และแรงขึ้น ควรทำยังไงดี ??? . การฝึก Power Endurance ช่วยได้ . ”Power Endurance Training “ คือ การฝึกความทนทานกล้ามเนื้อในการออกแรงแบบระเบิดพลังช่วยเพิ่มความทนทานของกล้ามเนื้อ,  เพิ่มประสิทธิภาพในการออกแรงระเบิดซ้ำๆ ซึ่งจะทำให้วิ่งออกตัวได้ดีขึ้น แถมยังช่วยลดความเสี่ยงต่อการบาดเจ็บ  . ตัวอย่างการฝึก(ตามคลิป) ซึ่งใช้รูปแบบ Circuit Training คือ ทำเป็นสถานี และทำต่อเนื่องกันเป็นรอบๆ โดยใช้การออกกำลังกายแบบ Body Power  . #powerendurancetraining #championscomewithpower #powermakespossible #fyp  #powerpump45 #baseball5 @powerpump45  @powerpump45  @powerpump45 ","powerpump45","https://p16-common-sign.tiktokcdn.com/tos-alisg-p-0037/oQPkuBZr1CAzEYVAUTSEHRwBRi1A6BSiIED9z~tplv-tiktokx-origin.image?dr=14575&x-expires=1780556400&x-signature=MRTJNrcsNoISNqd19F0AVo1emxw%3D&t=4d5b0474&ps=13740610&shp=81f88b70&shcp=43f4a2f9&idc=sg1","1174","visible-page+oembed"
"7467966911326850321","https://www.tiktok.com/@powerpump45/video/7467966911326850321","Stability Training for Swimming      “Stability training คือ การฝึกเพื่อพัฒนาความสามารถในการสร้างความมั่นคงและควบคุมการเคลื่อนไหวของข้อต่อในทุกช่วงมุม(Multiplanar) เพื่อให้กล้ามเนื้อและเนื้อเยื่อบริเวณรอบข้อต่อนั้นๆ ควบคุมการเคลื่อนไหวได้อย่างมั่นคงถูกต้องและช่วยลีกเลี่ยงอาการบาดเจ็บที่อาจเกิดขึ้นจากการเคลื่อนไหวที่ไม่ถูกต้อง และช่วยเสริมกล้ามเนื้อแกนกลาง (core muscles) ซึ่งสำคัญต่อการรักษาเสถียรภาพของกระดูกสันหลังและเชิงกรานในระหว่างการเคลื่อนไหว .   ในกีฬาว่ายน้ำ การรักษาสมดุล การจัดแนวร่างกาย และการควบคุมแกนกลางลำตัว(Core Muscles) ช่วยลดแรงต้านในน้ำส่งผลให้การว่ายน้ำเร็วขึ้น ” . . #stabilitytraining  #swimming  #basicmakesperfect #powerpump45","powerpump45","https://p19-common-sign.tiktokcdn.com/tos-alisg-p-0037/ogEiHDZM0ErVYH3mN4ENAMP6BAjniLBaj6VOI~tplv-tiktokx-origin.image?dr=14575&x-expires=1780556400&x-signature=iN17SujAvT%2FDTbYntyQIsg4WprM%3D&t=4d5b0474&ps=13740610&shp=81f88b70&shcp=43f4a2f9&idc=sg1","901","visible-page+oembed"
"7467554131750685953","https://www.tiktok.com/@powerpump45/video/7467554131750685953","สมอง และ ร่างกายประสานกันได้ดี  ช่วยพัฒนาความสามารถได้เร็วขึ้น . . #coordination #baseball5  #basicmakesperfect  #powerpump45 #fyp @powerpump45  @powerpump45  @powerpump45 ","powerpump45","https://p16-common-sign.tiktokcdn.com/tos-alisg-p-0037/osUGoslR2Id3EK6BEnhgeUDxFEfAACgAFQEEAZ~tplv-tiktokx-origin.image?dr=14575&x-expires=1780556400&x-signature=3Ei52cYH0Vf9kgpYJoJNjwqrmT0%3D&t=4d5b0474&ps=13740610&shp=81f88b70&shcp=43f4a2f9&idc=sg1","741","visible-page+oembed"
"7467412155852131601","https://www.tiktok.com/@powerpump45/video/7467412155852131601","Footwork & Coordination Drills“  . การพัฒนาความสามารถในการควบคุมร่างกายให้เคลื่อนไหวอย่างถูกต้อง แม่นยำและเป็นจังหวะ เป็นผลมาจากการทำงานร่วมกันของระบบประสาทและกล้ามเนื้อ ”(Neuromuscular Coordination) . . #footwork #coordination #basicmakesperfect #powerpump45#fyp  @powerpump45  @powerpump45  @powerpump45 ","powerpump45","https://p16-common-sign.tiktokcdn.com/tos-alisg-p-0037/ogU7oAJR1IKqEJFBEnZguPDlFyfAACfAFQODA0~tplv-tiktokx-origin.image?dr=14575&x-expires=1780556400&x-signature=lGjk1g4CV4NQCBOxoGPGmdan2fM%3D&t=4d5b0474&ps=13740610&shp=81f88b70&shcp=43f4a2f9&idc=sg1","1485","visible-page+oembed"
"7466624599501868304","https://www.tiktok.com/@powerpump45/video/7466624599501868304","การลงสู่พื้น จากที่สูงที่ดีนั้น ควรมี การผ่อนแรง ที่ดีและมั่นคง จะทำให้ การทรงตัว ง่ายขึ้น . . #balancepower #landing  #basicmakesperfect  #powerpump45 #fyp  @powerpump45  @powerpump45  @powerpump45 ","powerpump45","https://p16-common-sign.tiktokcdn.com/tos-alisg-p-0037/oQLe8A88eAOBMfFAIqhxEMxSgLeeQdBAi5kAIG~tplv-tiktokx-origin.image?dr=14575&x-expires=1780556400&x-signature=W7ePJ7B186gXJAFjW8qtCARSpd0%3D&t=4d5b0474&ps=13740610&shp=81f88b70&shcp=43f4a2f9&idc=sg1","1404","visible-page+oembed"
"7466052637314600193","https://www.tiktok.com/@powerpump45/video/7466052637314600193","“ความมั่นคงดี พัฒนาพื้นฐานได้ง่าย” . Stability คือ ความสามารถในการสร้างความมั่นคงและควบคุมร่างกายขณะหยุดนิ่งหรือเคลื่อนไหวของข้อต่อ ให้มีประสิทธิภาพทั้งในกีฬา และกิจกรรมทั่วไป หากร่างกายมี Stability ที่ดี จะช่วยให้การพัฒนาพื้นฐานในด้านต่างๆ ทำได้ง่ายขึ้น ไม่ว่าจะเป็นร่างกาย หรือทักษะ อีกทั้งยังลดความเสี่ยงต่ออาการบาดเจ็บ และช่วยฟื้นฟูหลังอาการบาดเจ็บ . 4 ท่าฝึก Stability Training มีดังนี้ 1.	Plank 2.	Full Plank on gym ball 3.	SL sit on gym ball 4.	Lying on gym ball . . #stabilitytraining #basicmakeperfect #powerpump45 #fyp ","powerpump45","https://p16-common-sign.tiktokcdn.com/tos-alisg-p-0037/oIIlczvC7AluOwIlwjIAOiiAfvBbYzHkwPGW3q~tplv-tiktokx-origin.image?dr=14575&x-expires=1780556400&x-signature=D0Eq%2FLbytlDUJD3MKoDapEf8Mgc%3D&t=4d5b0474&ps=13740610&shp=81f88b70&shcp=43f4a2f9&idc=sg1","1084","visible-page+oembed"
"7465687786138504464","https://www.tiktok.com/@powerpump45/video/7465687786138504464","“การทรงตัวที่ดี = พลังที่ไร้ขีดจำกัด” . Stork Balance Test เป็นการทดสอบการทรงตัวง่ายๆ  ที่นักกีฬาจะต้องยืนขาข้างเดียวในท่าที่ยากขึ้น โดยจะยกส้นเท้าขึ้นและพยายามทรงตัวให้นานที่สุด . ทำไมการทรงตัวถึงสำคัญในกีฬาฟุตบอล? 1. การเคลื่อนไหวที่คล่องตัว (Agility) ฟุตบอลต้องการการเปลี่ยนทิศทางที่รวดเร็วและแม่นยำ นักฟุตบอลจึงต้องสามารถเปลี่ยนทิศทางทันทีได้ในจังหวะต่างๆ การทรงตัวที่ดีทำให้การเปลี่ยนทิศทางมั่นคงและเร็วขึ้น 2. การควบคุมบอล (Ball control) การทรงตัวที่ดีช่วยให้นักฟุตบอลสามารถควบคุมบอลได้ดีขึ้น โดยเฉพาะในสถานการณ์ที่ต้องใช้ทักษะในการเลี้ยงบอล เช่น การเลี้ยงบอลเปลี่ยนทิศทางและจังหวะเอาชนะผู้เล่นฝ่ายตรงข้าม 3. ป้องกันการบาดเจ็บ (Prevent Injury) เมื่อการทรงตัวมีความมั่นคง ร่างกายจะสามารถปรับตัวต่อสถานการณ์ต่างๆ ได้ดีขึ้น เช่น การหยุดการเคลื่อนไหวในทันที ซึ่งช่วยลดความเสี่ยงในการบาดเจ็บที่เกิดจากการเคลื่อนไหวที่ผิดพลาด . การทรงตัวของนักกีฬาเป็นทักษะที่สำคัญในฟุตบอล  เพราะการทรงตัวที่ดีช่วยให้สามารถเคลื่อนไหวได้รวดเร็ว  เปลี่ยนทิศทางได้ง่าย และช่วยป้องกันการบาดเจ็บได้ด้วย . . #storkbalance #basicmakesperfect #powerpump45 #fyp","powerpump45","https://p16-common-sign.tiktokcdn.com/tos-alisg-p-0037/oo4MIi5euDj6EAe2ueSHQCe5AAuzMeAcbWYgAg~tplv-tiktokx-origin.image?dr=14575&x-expires=1780556400&x-signature=27JZHwQnQnUGxfHrkgjY7HSuWZ0%3D&t=4d5b0474&ps=13740610&shp=81f88b70&shcp=43f4a2f9&idc=sg1","23.5K","visible-page+oembed"
"7464939112869498128","https://www.tiktok.com/@powerpump45/video/7464939112869498128","ถ้าหากกล้ามเนื้อต้นขาด้านหลัง สามารถระเบิดซ้ำๆได้ สปีดจะไม่ตก . . #powerendurance  #powermakespossible #powerpump45 #fyp ","powerpump45","https://p16-common-sign.tiktokcdn.com/tos-alisg-p-0037/o4qiE1FvAcUr1FTYBADAIqmnRengyCCEAME3fA~tplv-tiktokx-origin.image?dr=14575&x-expires=1780556400&x-signature=cHcLSUnGi2NDd4hKzbmOWIlh4ig%3D&t=4d5b0474&ps=13740610&shp=81f88b70&shcp=43f4a2f9&idc=sg1","1313","visible-page+oembed"
"7462964890504842497","https://www.tiktok.com/@powerpump45/video/7462964890504842497","พื้นฐานการเคลื่อนไหวร่างกายที่ดี เกิดจากการสั่งการของระบบประสาท ที่สั่งการกล้ามเนื้ิอได้ดีและมีคุณภาพ ทำให้เกิดการควบคุมร่างกายที่ถูกต้อง . . #basicmakeperfect #fyp  #stabilization #stablity  #sportsperformance #opt  #powerpump45 #thailand  @powerpump45  @powerpump45  @powerpump45 ","powerpump45","https://p16-common-sign.tiktokcdn.com/tos-alisg-p-0037/oEYyCBcLR53UwHFZgAIlEAixHvAEEAK7aiApB~tplv-tiktokx-origin.image?dr=14575&x-expires=1780556400&x-signature=zWq1PNLFMsbdBI%2BkpvQ1gMWQzKw%3D&t=4d5b0474&ps=13740610&shp=81f88b70&shcp=43f4a2f9&idc=sg1","1132","visible-page+oembed"
"7459996492489674001","https://www.tiktok.com/@powerpump45/video/7459996492489674001","การรับรู้ข้อเท้าจะกลับมาได้ หลังจากการเกิด ข้อเท้าพลิก  ด้วยการฝึกการทรงตัว และความมั่นคง ของข้อเท้า . . #PowerMakePossible #fyp  #ankleinjury #ข้อเท้าพลิก  #balance #stabilization  #powerpump45 #thailand  @powerpump45  @powerpump45  @powerpump45 ","powerpump45","https://p16-common-sign.tiktokcdn.com/tos-alisg-p-0037/o81kAOtEzXIEhAqnARAQRd1FpfEpUeEUBDKCgX~tplv-tiktokx-origin.image?dr=14575&x-expires=1780556400&x-signature=WYCb8lVCRwRBiv%2Bm4Wue4tsLz8A%3D&t=4d5b0474&ps=13740610&shp=81f88b70&shcp=43f4a2f9&idc=sg1","1095","visible-page+oembed"
"7458174613592329473","https://www.tiktok.com/@powerpump45/video/7458174613592329473","ปฏิกิริยาสัมพันธ์ ทำให้เรารู้ว่า  การตัดสินใจ จะเร็วหรือช้า . . #reaction #respontime #fyp  #power #test #powertraining  #sportsperformance #vbt  #powerpump45 #thailand  @powerpump45  @powerpump45  @powerpump45 ","powerpump45","https://p16-common-sign.tiktokcdn.com/tos-alisg-p-0037/oUB8EA6nAxAqyAADMBywLCAliIZvPcYtCi4IE~tplv-tiktokx-origin.image?dr=14575&x-expires=1780556400&x-signature=YKof95KuSQf22fy4dt5Qc%2FdFgTA%3D&t=4d5b0474&ps=13740610&shp=81f88b70&shcp=43f4a2f9&idc=sg1","4647","visible-page+oembed"
"7457114275581136144","https://www.tiktok.com/@powerpump45/video/7457114275581136144","หากเราไม่มีอาการ บาดเจ็บ จะสามารถฝึกซ้อมได้ 100% จะส่งผลให้มีผลงานออกมาในการแข่งขัน . . #power #injury #fyp  #stabilization #strength  #balance #ankleinjury  #powerpump45 #thailand  @powerpump45  @powerpump45  @powerpump45 ","powerpump45","https://p16-common-sign.tiktokcdn.com/tos-alisg-p-0037/o4d4fOADfAEwAmDOIgX54sQAyFj6PfCAHoEIDa~tplv-tiktokx-origin.image?dr=14575&x-expires=1780556400&x-signature=uU6O7R2zwZ1Z5yktR9NIAFWnvd0%3D&t=4d5b0474&ps=13740610&shp=81f88b70&shcp=43f4a2f9&idc=sg1","3551","visible-page+oembed"
"7452265761562774800","https://www.tiktok.com/@powerpump45/video/7452265761562774800","หนึ่งสโตรก จะหนักแน่นขึ้น โดยการสร้างความแข็งแรง เพื่อให้มีแรง ในการระเบิดพลัง . . #power #powertraining  #swimming #strength #fyp  #sportperformance #stroke #powerpump45 #thailand  @powerpump45  @powerpump45  @powerpump45 ","powerpump45","https://p19-common-sign.tiktokcdn.com/tos-alisg-p-0037/oUAPiEB83rBIEYl5jABW9iCzDAF2xiEZAvvAZ~tplv-tiktokx-origin.image?dr=14575&x-expires=1780556400&x-signature=wrm9P5awYqJtR%2BNQaT53D8%2Bju7U%3D&t=4d5b0474&ps=13740610&shp=81f88b70&shcp=43f4a2f9&idc=sg1","1512","visible-page+oembed"
"7451816158723902736","https://www.tiktok.com/@powerpump45/video/7451816158723902736","ถ้าหากอยากระเบิดได้ง่ายขึ้น การสั่งการของระบบประสาทต้องดี . . #power #powertraining  #jumprope #coordination  #sportsperformance #fyp  #powerpump45 #thailand  @powerpump45  @powerpump45  @powerpump45 ","powerpump45","https://p16-common-sign.tiktokcdn.com/tos-alisg-p-0037/o8bAOAfiOwt3z8ZKMIBWIwA6AGEni9CAB3BRKq~tplv-tiktokx-origin.image?dr=14575&x-expires=1780556400&x-signature=ef67Y%2BJB0VTtHpqMvgXS4gYrt1E%3D&t=4d5b0474&ps=13740610&shp=81f88b70&shcp=43f4a2f9&idc=sg1","3846","visible-page+oembed"
"7449621119054712065","https://www.tiktok.com/@powerpump45/video/7449621119054712065","หากกล้ามเนื้อ แข็งแรง ขึ้น จะสามารถออกแรง ระเบิด ได้ดีขึ้น ส่งผลให้ การออกตัว จะพุ่งไวขึ้น . . #power #strength #fyp  #powertraining #speed  #ออกตัวแรง #ความเร็ว #แรง  #powerpump45 #thailand  @powerpump45  @powerpump45  @powerpump45 ","powerpump45","https://p16-common-sign.tiktokcdn.com/tos-alisg-p-0037/o4AsCvG9BApzi8rCniiXSaEvsAqIYbaw62IMeA~tplv-tiktokx-origin.image?dr=14575&x-expires=1780556400&x-signature=emEEYlWJLie8S8EfDOlZ6zyRpMI%3D&t=4d5b0474&ps=13740610&shp=81f88b70&shcp=43f4a2f9&idc=sg1","4202","visible-page+oembed"
"7447852879035092240","https://www.tiktok.com/@powerpump45/video/7447852879035092240","การควบคุมร่างกายให้ถูกต้อง เป็นสิ่งสำคัญมาก โดยเฉพาะนักกีฬา จะช่วยให้การทำทักษะ การเคลื่อนที่ดีขึ้น รวมถึงจะ ลดปัญหาการเกิดอาการบาดเจ็บ จากการฝึกซ้อม  และแข่งขันได้อีกด้วย . . #stabilization #strength  #powertraining #fyp #power  #injury #rehab #bodycontrol  #powerpump45 #thailand  @powerpump45  @powerpump45  @powerpump45 ","powerpump45","https://p16-common-sign.tiktokcdn.com/tos-alisg-p-0037/o8yydAslZE0nFYpKAzBui5BIAABiv1ZcaWAwE~tplv-tiktokx-origin.image?dr=14575&x-expires=1780556400&x-signature=TupEjayCsA1jrIxCyrOVzTVfce0%3D&t=4d5b0474&ps=13740610&shp=81f88b70&shcp=43f4a2f9&idc=sg1","3881","visible-page+oembed"
"7447046222466043153","https://www.tiktok.com/@powerpump45/video/7447046222466043153","การลงสู่พื้น ให้ดีนั้น นอกจาก การผ่อนแรง แล้ว จังหวะตอนลงสู่พื้นทุกข้อต่อควร นิ่ง เพื่อความมั่นคงในการออกแรงระเบิด . . #power #powertraining  #stabilization #landing #sportsperformance #fyp  #powerpump45 #thailand  @powerpump45  @powerpump45  @powerpump45 ","powerpump45","https://p16-common-sign.tiktokcdn.com/tos-alisg-p-0037/o4TMUFDGREBJnIAi0ZEEJkCAOAmgS9AAWnf9fB~tplv-tiktokx-origin.image?dr=14575&x-expires=1780556400&x-signature=8hjAG9%2BPxvQBnxmfbY1zM7UObFU%3D&t=4d5b0474&ps=13740610&shp=81f88b70&shcp=43f4a2f9&idc=sg1","2718","visible-page+oembed"
"7444402739171413249","https://www.tiktok.com/@powerpump45/video/7444402739171413249","การลงสู่พื้นที่ดี นอกจาก การผ่อนแรง ที่ดีแล้ว ควรจะควบคุมข้อต่อให้ นิ่ง เพื่อที่จะสามารถ ทรงตัว ได้ง่ายขึ้น . . #stabilization #power  #balance #landing #fyp  #sportsperformance #otp  #powerpump45 #thailand  @powerpump45  @powerpump45  @powerpump45 ","powerpump45","https://p16-common-sign.tiktokcdn.com/tos-alisg-p-0037/oEE5bIBz8pP1UiK9w9BBOwACKPAvA5JA0IAbif~tplv-tiktokx-origin.image?dr=14575&x-expires=1780556400&x-signature=cmamktoJCyv3ymI0vXezP2S6em0%3D&t=4d5b0474&ps=13740610&shp=81f88b70&shcp=43f4a2f9&idc=sg1","2996","visible-page+oembed"
"7444069796204776721","https://www.tiktok.com/@powerpump45/video/7444069796204776721","ระบบประสาทสัมพันธ์ดี สามารถทำ สเต็ปเท้า ไวขึ้นได้ รวมถึงการทำ ทักษะต่างๆ  ก็จะง่ายขึ้น . . #coordination #power  #quickness #skills #fyp  #sportsperformance #cod  #powerpump45 #thailand  @powerpump45  @powerpump45  @powerpump45 ","powerpump45","https://p16-common-sign.tiktokcdn.com/tos-alisg-p-0037/o0ZIpALMQEREB8IA0YiilAx6BvzXBAiOBCXAm~tplv-tiktokx-origin.image?dr=14575&x-expires=1780556400&x-signature=AWAd1vOom%2BIr32uUm%2FOVU%2F%2BY8NI%3D&t=4d5b0474&ps=13740610&shp=81f88b70&shcp=43f4a2f9&idc=sg1","2421","visible-page+oembed"
"7442222114746158344","https://www.tiktok.com/@powerpump45/video/7442222114746158344","ถ้าหาก ฝึกความแข็งแรง พร้อมกับ ควบคุมข้อต่อ ให้นิ่ง จะสามารถ ออกแรงระเบิด ได้ดีขึ้น . . #stabilization #strength  #power #powertraining  #balance #stability #fyp  #powerpump45 #thailand  @powerpump45  @powerpump45  @powerpump45 ","powerpump45","https://p16-common-sign.tiktokcdn.com/tos-alisg-p-0037/oQIagSDFLIniFJSW8UfBRcQEaifIFBE3AEBoBI~tplv-tiktokx-origin.image?dr=14575&x-expires=1780556400&x-signature=iQsmzjFMhfSr1NgMJzfCM8FVtYI%3D&t=4d5b0474&ps=13740610&shp=81f88b70&shcp=43f4a2f9&idc=sg1","2271","visible-page+oembed"
"7441819431631686928","https://www.tiktok.com/@powerpump45/video/7441819431631686928","ควบคุมแกนกลางและส่วนล่างให้ นิ่ง จะส่งผลให้ การเคลื่อนไหว มีความมั่นคงและจะทำให้ การเปลี่ยนทิศทาง ดีขึ้น . . #powertraining #power  #core #lower #stabilization  #fyp #sportsperformance  #powerpump45 #thailand  @powerpump45  @powerpump45  @powerpump45 ","powerpump45","https://p16-common-sign.tiktokcdn.com/tos-alisg-p-0037/ooTNxQgRfAQZfcqpKDRnAsByTEBUFEAXwq3QZ6~tplv-tiktokx-origin.image?dr=14575&x-expires=1780556400&x-signature=bkzOXSJIJ%2BBOsFQM2mm290q%2BwOs%3D&t=4d5b0474&ps=13740610&shp=81f88b70&shcp=43f4a2f9&idc=sg1","1399","visible-page+oembed"
"7441469590707752193","https://www.tiktok.com/@powerpump45/video/7441469590707752193","ระบบประสาทสัมพันธ์ที่ดี จะช่วยให้การทำ ทักษะ ง่ายขึ้น อย่าง ว่ายน้ำ ก็จะว่ายได้ไหลขึ้น เพราะสามารถ สั่งการ กล้ามเนื้อได้สมูธ . . #coordination #power  #swimming #jumprope  #fyp #powertraining #jump  #powerpump45 #thailand  @powerpump45  @powerpump45  @powerpump45 ","powerpump45","https://p16-common-sign.tiktokcdn.com/tos-alisg-p-0037/oIAfBETnUEwIsRHQjOFfBFaR9DB25WQ6D3QIRg~tplv-tiktokx-origin.image?dr=14575&x-expires=1780556400&x-signature=AAd1AWhWh%2BF0qp8N6GWvsFtWFds%3D&t=4d5b0474&ps=13740610&shp=81f88b70&shcp=43f4a2f9&idc=sg1","1473","visible-page+oembed"
"7439987165943155975","https://www.tiktok.com/@powerpump45/video/7439987165943155975","การควบคุมข้อต่อให้ นิ่ง ทั้งร่างกาย จะส่งผลให้ ลดความเสี่ยงอาการบาดเจ็บ จากการเคลื่อนไหวในจังหวะต่างๆของแต่ละกีฬา . . #stabilization #balance  #stability #injury #fyp  #sportsperformance #opt  #powerpump45 #thailand  @powerpump45  @powerpump45  @powerpump45 ","powerpump45","https://p16-common-sign.tiktokcdn.com/tos-alisg-p-0037/okmnWPSZbAQzGR8ngIF7QJUDdfRfoPCEBEBFAI~tplv-tiktokx-origin.image?dr=14575&x-expires=1780556400&x-signature=ssX6sLpdt507Po038%2BjCyYr4fMY%3D&t=4d5b0474&ps=13740610&shp=81f88b70&shcp=43f4a2f9&idc=sg1","2551","visible-page+oembed"
"7439617656006741255","https://www.tiktok.com/@powerpump45/video/7439617656006741255","ระบบประสาทสัมพันธ์ที่ดี ส่งผลให้การสั่งการของกล้ามเนื้อง่ายขึ้น ทำให้อยากจะเร็วแค่ไหนก็จะสั่งการได้ . . #power #coordination  #9square #x #fyp  #footsteps #balancebike  #powerpump45 #thailand  @powerpump45  @powerpump45  @powerpump45 ","powerpump45","https://p16-common-sign.tiktokcdn.com/tos-alisg-p-0037/owWR1PE5MW9oc9UcE8SlqKgQDfAfFBMPOBNntQ~tplv-tiktokx-origin.image?dr=14575&x-expires=1780556400&x-signature=YPfZjWDr8mPEnr4A3X1exTq8d7o%3D&t=4d5b0474&ps=13740610&shp=81f88b70&shcp=43f4a2f9&idc=sg1","3755","visible-page+oembed"
"7438870606793182484","https://www.tiktok.com/@powerpump45/video/7438870606793182484","ร่างกายจะ พร้อม กับการแข่งขัน ต้องมีความแข็งแรงและความทนทานของกล้ามเนื้อ เพื่อสามารถต่อยอดไปสู่ แรงระเบิด ได้ . . #power #powertraining  #strength #endurance  #opttraining #nasm #fyp  #powerpump45 #thailand  @powerpump45  @powerpump45  @powerpump45 ","powerpump45","https://p16-common-sign.tiktokcdn.com/tos-alisg-p-0037/okBCpBaIyJihAwFfCw28AqzXLEIInAUMiIJAFK~tplv-tiktokx-origin.image?dr=14575&x-expires=1780556400&x-signature=F1%2BwplnMIse2VtpzdCB6E4EeO30%3D&t=4d5b0474&ps=13740610&shp=81f88b70&shcp=43f4a2f9&idc=sg1","3717","visible-page+oembed"
"7437405228779015445","https://www.tiktok.com/@powerpump45/video/7437405228779015445","ขณะออกแรง แกนกลางลำตัวควรนิ่ง เพื่อการออกแรง จะได้มีคุณภาพ และสามารถต่อยอดสู่ แรงระเบิด ได้ง่าย . . #stabilization #strength  #power #powertraining  #fitballworkout #pushup  #powerpump45 #thailand  @powerpump45  @powerpump45  @powerpump45 ","powerpump45","https://p16-common-sign.tiktokcdn.com/tos-alisg-p-0037/oE0thnK4EUIvAFYZrKUQ5gBetuwNBmD8EQLfRG~tplv-tiktokx-origin.image?dr=14575&x-expires=1780556400&x-signature=vSKvL2P34LhUo6XV0Xk0e0QzygE%3D&t=4d5b0474&ps=13740610&shp=81f88b70&shcp=43f4a2f9&idc=sg1","1690","visible-page+oembed"
"7437076625436511508","https://www.tiktok.com/@powerpump45/video/7437076625436511508","กระโดดเชือก เป็นการฝึกระบบประสาทสัมพันธ์ ซึ่งสมองนั้นจะสั่งการกล้ามเนื้อให้ควบคุม ทั้งการแกว่งเชือก และกระโดดให้พอดีจังหวะ . . #coordination #fyp  #power #powertraining  #jumprope #กระโดดเชือก  #powerpump45 #thailand","powerpump45","https://p19-common-sign.tiktokcdn.com/tos-alisg-p-0037/oIQ0YQViZPOEuBOwToNdAAIc18zEIAXPBziNo~tplv-tiktokx-origin.image?dr=14575&x-expires=1780556400&x-signature=XDKOc%2BT1QHYdLruPRk%2FgU1UGKx0%3D&t=4d5b0474&ps=13740610&shp=81f88b70&shcp=43f4a2f9&idc=sg1","3414","visible-page+oembed"
"7434452423223135508","https://www.tiktok.com/@powerpump45/video/7434452423223135508","ระเบิดพลังออกมา เตรียมร่างกายให้พร้อม . . #power #powertraining  #strength #football #นักบอล  #sportsperformance #fyp #powerpump45 #thailand  @powerpump45  @powerpump45  @powerpump45 ","powerpump45","https://p16-common-sign.tiktokcdn.com/tos-alisg-p-0037/o4yYRnLpLhvEEebqBAQszxsfY5Mg5FQDKwcB0H~tplv-tiktokx-origin.image?dr=14575&x-expires=1780556400&x-signature=BBjJB9gITbgkHwBmhoqUP1dZu6c%3D&t=4d5b0474&ps=13740610&shp=81f88b70&shcp=43f4a2f9&idc=sg1","4604","visible-page+oembed"
"7434057103624441105","https://www.tiktok.com/@powerpump45/video/7434057103624441105","Movement-Power เด็กๆจะเคลื่อนไหวแข็งแรงขึ้นได้ หากสามารถทำแรงระเบิดได้ดี . . #power #powertraining  #movement #jump #fyp  #kids #sportsperformance  #powerpump45 #thailand  @powerpump45  @powerpump45  @powerpump45 ","powerpump45","https://p16-common-sign.tiktokcdn.com/tos-alisg-p-0037/ooIMrzlCDAYNiwIlzWIAAiiAmEB3glEl2fLo5q~tplv-tiktokx-origin.image?dr=14575&x-expires=1780556400&x-signature=AQdj7mIkznCkjETinfcG0b3QtUE%3D&t=4d5b0474&ps=13740610&shp=81f88b70&shcp=43f4a2f9&idc=sg1","6281","visible-page+oembed"
"7431866853816847632","https://www.tiktok.com/@powerpump45/video/7431866853816847632","Stabilization คือ การควบคุมข้อต่อให้ นิ่ง ส่งผลทำให้การทำ ทักษะ ง่ายขึ้น . . #stabilization #strength  #sportsperformance #fyp  #football #rowing #power  #powerpump45 #thailand  @powerpump45  @powerpump45  @powerpump45 ","powerpump45","https://p16-common-sign.tiktokcdn.com/tos-alisg-p-0037/oUBgrn0BOitEELFRhSIF9aAUeSgf4Lhj70II5D~tplv-tiktokx-origin.image?dr=14575&x-expires=1780556400&x-signature=oJYKhfV1xXsAlFISmPiSoCj1nnw%3D&t=4d5b0474&ps=13740610&shp=81f88b70&shcp=43f4a2f9&idc=sg1","1908","visible-page+oembed"
"7431419161894571265","https://www.tiktok.com/@powerpump45/video/7431419161894571265","ระบบพลังงานแบบ anaerbic (แบบไม่ใช้ออกซิเจน) สำคัญมาก สำหรับการสปีดซ้ำๆได้ตลอดทั้งเกมส์ . . #power #anaerobic #fyp  #anaerobictraining #football  #sportsperformance  #powerpump45 #thailand  @powerpump45  @powerpump45  @powerpump45 ","powerpump45","https://p16-common-sign.tiktokcdn.com/tos-alisg-p-0037/oUtyZhBaKYAVYIbBtGEvAHP8iAYvLXDPzMilI~tplv-tiktokx-origin.image?dr=14575&x-expires=1780556400&x-signature=7MEs%2FRJITJXrgAPnxNXBm4pkCf8%3D&t=4d5b0474&ps=13740610&shp=81f88b70&shcp=43f4a2f9&idc=sg1","8323","visible-page+oembed"
"7429615980248059152","https://www.tiktok.com/@powerpump45/video/7429615980248059152","ต่อยแรงแน่นอน ถ้าหากแรงระเบิดส่วนบนดี . . #power #powertraining  #boxing #fyp #slam  #sportsperformance  #powerpump45 #thailand  @powerpump45  @powerpump45  @powerpump45 ","powerpump45","https://p16-common-sign.tiktokcdn.com/tos-alisg-p-0037/ee518b8e71f84b5488fe295ae8ef564c_1729842288~tplv-tiktokx-origin.image?dr=14575&x-expires=1780556400&x-signature=oYqLvLPwSovovRhiKNi3CcjA65k%3D&t=4d5b0474&ps=13740610&shp=81f88b70&shcp=43f4a2f9&idc=sg1","1831","visible-page+oembed"
"7428860049327525137","https://www.tiktok.com/@powerpump45/video/7428860049327525137","ถ้าหากควบคุมร่างกายได้ดี โดยการเพิ่มการเกร็งลำตัวในนิ่ง จะทำให้จังหวะเปลี่ยนทิศทางดีขึ้น . . #power #powertraining  #agility #movement #fyp  #corestability #corestrength  #powerpump45 #thailand  @powerpump45  @powerpump45  @powerpump45 ","powerpump45","https://p16-common-sign.tiktokcdn.com/tos-alisg-p-0037/6f3e55d1180141d0a8852e69edc896b1_1729666290~tplv-tiktokx-origin.image?dr=14575&x-expires=1780556400&x-signature=7AX1AuTJS9ildOYfbJcb8rpPC6o%3D&t=4d5b0474&ps=13740610&shp=81f88b70&shcp=43f4a2f9&idc=sg1","16.2K","visible-page+oembed"
"7426274937477893392","https://www.tiktok.com/@powerpump45/video/7426274937477893392","อาการบาดเจ็บหายได้ หากฟื้นฟูและพัฒนาให้ตรงปัญหา . . #sportsinjury #injury #fyp  #sportsrecovery #recovery  #powerpump45 #thailand  @powerpump45  @powerpump45  @powerpump45 ","powerpump45","https://p16-common-sign.tiktokcdn.com/tos-alisg-p-0037/84a167d16c2747468ef18d764f9a5bd9_1729064403~tplv-tiktokx-origin.image?dr=14575&x-expires=1780556400&x-signature=iC24l6Ex4t4T2C6etUTWPbMeXww%3D&t=4d5b0474&ps=13740610&shp=81f88b70&shcp=43f4a2f9&idc=sg1","20K","visible-page+oembed"
"7424431625582300417","https://www.tiktok.com/@powerpump45/video/7424431625582300417","แรงระเบิดส่วนบนดี จะช่วยให้สโตรกมีพลังมากขึ้น . . #power #powertraining  #swimming #fyp #slam  #sportsperformance  #powerpump45 #thailand ","powerpump45","https://p16-common-sign.tiktokcdn.com/tos-alisg-p-0037/400f314d0629476eb94d9732de967ad1_1728635231~tplv-tiktokx-origin.image?dr=14575&x-expires=1780556400&x-signature=FAbgzq%2FOK7JcCFxZcJhD6i7VbaU%3D&t=4d5b0474&ps=13740610&shp=81f88b70&shcp=43f4a2f9&idc=sg1","2293","visible-page+oembed"
"7423317505491422481","https://www.tiktok.com/@powerpump45/video/7423317505491422481","การออกตัวจะเร็วขึ้น ถ้าใช้เวลาในการถีบน้อย . ลง ปุ้บ ขึ้น ปั้บ เลย . . #power #powertraining  #youngathletes #fyp  #balancebike #movement  #powerpump45 #thailand  @powerpump45  @powerpump45  @powerpump45 ","powerpump45","https://p16-common-sign.tiktokcdn.com/tos-alisg-p-0037/oEDE82wgfAEYTWU8CBIzRBAy7iAqiCTswnOI46~tplv-tiktokx-origin.image?dr=14575&x-expires=1780556400&x-signature=AX4YDPHBpsW%2Fg8eUGWW00OBPer4%3D&t=4d5b0474&ps=13740610&shp=81f88b70&shcp=43f4a2f9&idc=sg1","3513","visible-page+oembed"
"7421786526994009360","https://www.tiktok.com/@powerpump45/video/7421786526994009360","Strength-Power🦵💪⚽️ . . #power #powertraining  #sportsperformance #fyp  #strength #strengthpower  #powerpump45 #thailand  @powerpump45  @powerpump45  @powerpump45 ","powerpump45","https://p16-common-sign.tiktokcdn.com/tos-alisg-p-0037/oUbiAYed3FJhvAXGKG5AV7BRwfRYAo8f4beMQo~tplv-tiktokx-origin.image?dr=14575&x-expires=1780556400&x-signature=T%2F4EO4kgspA7nuHkhegaciazqFs%3D&t=4d5b0474&ps=13740610&shp=81f88b70&shcp=43f4a2f9&idc=sg1","17K","visible-page+oembed"
"7418446012055817473","https://www.tiktok.com/@powerpump45/video/7418446012055817473","การเปลี่ยนทิศทางที่ดีนั้น ควรฝึกร่ายกายควบคู่กับการใช้เทคนิคได้ถูกต้อง . . #power #powertraining  #movement #fyp #agility  #sportsperformance #fms  #powerpump45 #thailand  @powerpump45  @powerpump45  @powerpump45 ","powerpump45","https://p16-common-sign.tiktokcdn.com/tos-alisg-p-0037/4dfdc35c6df147f0a9fbc42ccab3a185_1727241574~tplv-tiktokx-origin.image?dr=14575&x-expires=1780556400&x-signature=SfPGzirAs1L4wLgh47fRlDcFCD0%3D&t=4d5b0474&ps=13740610&shp=81f88b70&shcp=43f4a2f9&idc=sg1","10.4K","visible-page+oembed"
"7416626058105081089","https://www.tiktok.com/@powerpump45/video/7416626058105081089","ความเร็วในการฝึกไม่คงที่ ส่งผลให้วิ่งไม่เร็วขึ้น  . . #power #powertraining  #sportsperformance #vbt #fyp #output #speed  #powerpump45 #thailand  @powerpump45  @powerpump45  @powerpump45 ","powerpump45","https://p16-common-sign.tiktokcdn.com/tos-alisg-p-0037/98d03c72a0174214bf3e181962328520_1726817867~tplv-tiktokx-origin.image?dr=14575&x-expires=1780556400&x-signature=H9vqfGEjihxwELKSIwOqoWURDwg%3D&t=4d5b0474&ps=13740610&shp=81f88b70&shcp=43f4a2f9&idc=sg1","2285","visible-page+oembed"
"7416220457742912784","https://www.tiktok.com/@powerpump45/video/7416220457742912784","แรงระเบิดไปด้านข้างดี ส่งผลให้ คล่อง ขึ้น . . #power #powertraining  #sportsperformance #fyp  #agility #jump #movement  #powerpump45 #thailand  @powerpump45  @powerpump45  @powerpump45 ","powerpump45","https://p16-common-sign.tiktokcdn.com/tos-alisg-p-0037/c814fd38268a45d6b70d3bc2ccf56f02_1726723397~tplv-tiktokx-origin.image?dr=14575&x-expires=1780556400&x-signature=kl1ml9m3plbc4sqTkSqoVrYuBxU%3D&t=4d5b0474&ps=13740610&shp=81f88b70&shcp=43f4a2f9&idc=sg1","43.9K","visible-page+oembed"
"7415873945129356560","https://www.tiktok.com/@powerpump45/video/7415873945129356560","ฝึกด้วยความเร็วคงที่ 💪🦵💨 . ความเร็ว x ความแรง = แรงระเบิด . . #power #powertraining  #sportsperformance #vbt  #fyp #ฝึกร่างกาย  @powerpump45  @powerpump45  @powerpump45  #powerpump45 #thailand","powerpump45","https://p19-common-sign.tiktokcdn.com/tos-alisg-p-0037/d986785ba557463a9252b6f0d9c353ad_1726642717~tplv-tiktokx-origin.image?dr=14575&x-expires=1780556400&x-signature=mCIfwEcUtGBq2jqNZnvxH7LNds8%3D&t=4d5b0474&ps=13740610&shp=81f88b70&shcp=43f4a2f9&idc=sg1","2418","visible-page+oembed"
"7413245177428479252","https://www.tiktok.com/@powerpump45/video/7413245177428479252","ร่างกายมึแรงระเบิดดี จะส่งผลให้การเคลื่อนไหวพื้นฐาน มีคุณภาพและเร็วขึ้น . . #power #powertraining  #sportsperformance #fyp  #movement #agility #speed #powerpump45 #thailand ","powerpump45","https://p16-common-sign.tiktokcdn.com/tos-alisg-p-0037/2995993f7ce341828f7c9f7ca5a53f75_1726030669~tplv-tiktokx-origin.image?dr=14575&x-expires=1780556400&x-signature=qYpZiI8Nz1I1rO8Q7AV34kReMnI%3D&t=4d5b0474&ps=13740610&shp=81f88b70&shcp=43f4a2f9&idc=sg1","10.9K","visible-page+oembed"
"7411400585561328897","https://www.tiktok.com/@powerpump45/video/7411400585561328897","ฝึกแรงระเบิดส่วนขาและก้น จะทำให้กระโดดได้ไกลขึ้น . Velocity x Force = Power . . #power #powertraining #vbt  #sportsperformance #fyp  #ร่างกายดีฝึกอะไรก็ง่าย #jump  #powerpump45 #thailand  @powerpump45  @powerpump45  @powerpump45 ","powerpump45","https://p16-common-sign.tiktokcdn.com/tos-alisg-p-0037/9f1a6db13cb04b7f95448170f8e57fbc_1725601185~tplv-tiktokx-origin.image?dr=14575&x-expires=1780556400&x-signature=A2Y96PRZseT9U1WA%2BK552oLNXyQ%3D&t=4d5b0474&ps=13740610&shp=81f88b70&shcp=43f4a2f9&idc=sg1","2466","visible-page+oembed"
"7410691707131530512","https://www.tiktok.com/@powerpump45/video/7410691707131530512","แบบฝึกการตัดสินใจร่วมกับทักษะฟุตบอล ⚽️🦵💨 . . #sportsperformance #fyp  #reaction #football #skill #coordination #coorreaction #powerpump45 #thailand  @powerpump45  @powerpump45  @powerpump45 ","powerpump45","https://p16-common-sign.tiktokcdn.com/tos-alisg-p-0037/b89743f834154f85b4f47d8b22ec2660_1725436144~tplv-tiktokx-origin.image?dr=14575&x-expires=1780556400&x-signature=RsEYa1oZtbLZJi2HUZ3dEKcRklU%3D&t=4d5b0474&ps=13740610&shp=81f88b70&shcp=43f4a2f9&idc=sg1","1955","visible-page+oembed"
"7408428646865653000","https://www.tiktok.com/@powerpump45/video/7408428646865653000","นักกีฬาที่ใช้แรงระเบิดได้ดี จะสร้างความได้เปรียบต่อคู่ต่อสู่ได้ . . #power #powertraining  #sportsperformance #fyp  #football #รถถังสวนกุหลาบ  #powerpump45 #thailand  @powerpump45  @powerpump45  @powerpump45 ","powerpump45","https://p16-common-sign.tiktokcdn.com/tos-alisg-p-0037/6e21342e4cce41f6a7b67d0322d239dc_1724909215~tplv-tiktokx-origin.image?dr=14575&x-expires=1780556400&x-signature=u3UHOA0tkVrfdtf%2BHxfMJU%2FipYk%3D&t=4d5b0474&ps=13740610&shp=81f88b70&shcp=43f4a2f9&idc=sg1","6935","visible-page+oembed"
"7407706254379928840","https://www.tiktok.com/@powerpump45/video/7407706254379928840","แรงระเบิดต้องทำให้เร็ว Velocity x Force = Power . . #power #powertraining  #sport #sportsperformance  #speed #fyp #football  #powerpump45 #thailand  @powerpump45  @powerpump45  @powerpump45 ","powerpump45","https://p16-common-sign.tiktokcdn.com/tos-alisg-p-0037/13ac2ecb6e3244379e7a94d0af8cda3e_1724741023~tplv-tiktokx-origin.image?dr=14575&x-expires=1780556400&x-signature=jI5xIByoXfeitCcU8axEATlu5Aw%3D&t=4d5b0474&ps=13740610&shp=81f88b70&shcp=43f4a2f9&idc=sg1","2445","visible-page+oembed"
"7405831751550913800","https://www.tiktok.com/@powerpump45/video/7405831751550913800","อยากบินสูง แรงระเบิดต้องดี . . #power #powertraining  #sportsperformance #fyp  #goalkeeper #football  #powerpump45 #thailand  @powerpump45  @powerpump45  @powerpump45 ","powerpump45","https://p16-common-sign.tiktokcdn.com/tos-alisg-p-0037/c902a098a1ff4aba8c161e30811199ab_1724304579~tplv-tiktokx-origin.image?dr=14575&x-expires=1780556400&x-signature=v8nF8Grnubl0RkLCAFINkC3pswg%3D&t=4d5b0474&ps=13740610&shp=81f88b70&shcp=43f4a2f9&idc=sg1","6958","visible-page+oembed"
"7405443482527010056","https://www.tiktok.com/@powerpump45/video/7405443482527010056","ฝึกแล้วความเร็งคงที่ ทำให้คล่องขึ้นแน่นอน . Velocity x Force = Power . . #power #powertraining  #sportsperformance #fyp  #VBT #output #football  #powerpump45 #thailand  @powerpump45  @powerpump45  @powerpump45 ","powerpump45","https://p16-common-sign.tiktokcdn.com/tos-alisg-p-0037/54f83e509be744cc9150055a81e9844c_1724214179~tplv-tiktokx-origin.image?dr=14575&x-expires=1780556400&x-signature=jBBWAH410eZfK1mQCnlWDrVR8Q4%3D&t=4d5b0474&ps=13740610&shp=81f88b70&shcp=43f4a2f9&idc=sg1","1905","visible-page+oembed"
"7405122386447584520","https://www.tiktok.com/@powerpump45/video/7405122386447584520","คล่องขึ้นแน่นอน ถ้าการเคลื่อนที่เร็วและสมูธ . . #power #powertraining  #movement #agility #fyp  #sportsperformance #football  #powerpump45 #thailand  @powerpump45  @powerpump45  @powerpump45 ","powerpump45","https://p16-common-sign.tiktokcdn.com/tos-alisg-p-0037/3506aca449d74882a7485c4472d3e6cb_1724139417~tplv-tiktokx-origin.image?dr=14575&x-expires=1780556400&x-signature=PmdyCjTAS7BjIa2KnNYjJFSHNuQ%3D&t=4d5b0474&ps=13740610&shp=81f88b70&shcp=43f4a2f9&idc=sg1","2520","visible-page+oembed"
"7402858266507660551","https://www.tiktok.com/@powerpump45/video/7402858266507660551","สิ่งที่สำคัญในวัยเด็ก คือพัฒนาการในการเรียนรู้ทั้งสิ่งใหม่  รวมถึงทักษะการเรียนรู้ต่อยอดต่างๆ . . #power #powertraining  #movement #fms #balancebike ##fyp #sportsperformance  #powerpump45 #thailand  @powerpump45  @powerpump45  @powerpump45 ","powerpump45","https://p16-common-sign.tiktokcdn.com/tos-alisg-p-0037/9d2199408f7d4fed83ca998f70bd0c85_1723612260~tplv-tiktokx-origin.image?dr=14575&x-expires=1780556400&x-signature=ohXyXuN64eUpneZhucuuF0cidOs%3D&t=4d5b0474&ps=13740610&shp=81f88b70&shcp=43f4a2f9&idc=sg1","1826","visible-page+oembed"
"7402530873737743634","https://www.tiktok.com/@powerpump45/video/7402530873737743634","เราสามารถคุมความเร็วได้ขณะฝึก จะทำให้ทำลายสถิติตนเองได้แน่นอน. . Velocicty x Force = Power . . #power #powertraining  #swimming #quickness  #vbt #fyp #output #velocity  #powerpump45 #thailand  @powerpump45  @powerpump45  @powerpump45 ","powerpump45","https://p16-common-sign.tiktokcdn.com/tos-alisg-p-0037/78ba7d8abbc847e8b33ca7f8c599786f_1723536034~tplv-tiktokx-origin.image?dr=14575&x-expires=1780556400&x-signature=S552GVms4IgB17QmnOrwiV50eKY%3D&t=4d5b0474&ps=13740610&shp=81f88b70&shcp=43f4a2f9&idc=sg1","1528","visible-page+oembed"
"7401447327518461202","https://www.tiktok.com/@powerpump45/video/7401447327518461202","เด็กที่แข็งแรง จะมีแรงระเบิดดี . . #power #powertraining  #fyp #speed #jump  #sportsperformance  #powerpump45 #thailand  @powerpump45  @powerpump45  @powerpump45 ","powerpump45","https://p16-common-sign.tiktokcdn.com/tos-alisg-p-0037/5fe631b209e644239047e2b13244d32b_1723283749~tplv-tiktokx-origin.image?dr=14575&x-expires=1780556400&x-signature=T6fZ%2FaxsH9SLjWD8X6BpGBCpfLM%3D&t=4d5b0474&ps=13740610&shp=81f88b70&shcp=43f4a2f9&idc=sg1","2095","visible-page+oembed"
"7400991809477823751","https://www.tiktok.com/@powerpump45/video/7400991809477823751","แรงระเบิดจะดี ต้องทำให้เร็ว Power = Velocity x force . . #power #powertraining  #agility #รถถังสวนกุหลาบ  #speed #velocity #fyp  #powerpump45 #thailand  @powerpump45  @powerpump45  @powerpump45 ","powerpump45","https://p16-common-sign.tiktokcdn.com/tos-alisg-p-0037/1a70fe6c191a4640b1477daa8d3eeb60_1723177693~tplv-tiktokx-origin.image?dr=14575&x-expires=1780556400&x-signature=Bw701jch8F1s9F5u9bGHyXTCiSA%3D&t=4d5b0474&ps=13740610&shp=81f88b70&shcp=43f4a2f9&idc=sg1","8333","visible-page+oembed"
"7400597866089057544","https://www.tiktok.com/@powerpump45/video/7400597866089057544","การฝึกแบบ VBT 🔥🔥🔥 . Velocity x Force = Power ความเร็ว x ความแรง = แรงระเบิด . . #power #powertraining #vbt  #speed #sportsperformance  #agility #football #fyp #output  #powerpump45 #thailand  @powerpump45  @powerpump45  @powerpump45 ","powerpump45","https://p16-common-sign.tiktokcdn.com/tos-alisg-p-0037/4edd5c0523eb46bfbef834bc12810f08_1723085971~tplv-tiktokx-origin.image?dr=14575&x-expires=1780556400&x-signature=rV3s5SlX5hRgO292JuvjzqynxOs%3D&t=4d5b0474&ps=13740610&shp=81f88b70&shcp=43f4a2f9&idc=sg1","1680","visible-page+oembed"
"7396202919365856520","https://www.tiktok.com/@powerpump45/video/7396202919365856520","ฝึกแบบ VBT หากสามารถควบคุมความเร็วได้ การพัฒนาร่างกายจะเร็วและมีคุณภาพ 💪💪💪 . . #power #powertraining #vbt  #speed #sportsperformance  #agility #football #fyp #output  #powerpump45 #thailand  @powerpump45  @powerpump45  @powerpump45 ","powerpump45","https://p16-common-sign.tiktokcdn.com/tos-alisg-p-0037/1900bf7e48924857bbdfe9713ff8017c_1722062692~tplv-tiktokx-origin.image?dr=14575&x-expires=1780556400&x-signature=k9NBcCyp0Ohqbdv3YR1POocdu84%3D&t=4d5b0474&ps=13740610&shp=81f88b70&shcp=43f4a2f9&idc=sg1","2308","visible-page+oembed"
"7395813318734269704","https://www.tiktok.com/@powerpump45/video/7395813318734269704","คล่องขึ้นแน่นอน หากขามีแรงระเบิดได้ดีทั้ง 2 ข้าง . . #power #powertraining  #agility #fyp #football  #speed #sportsperformance  #powerpump45 #thailand  @powerpump45  @powerpump45  @Jie Lunnnn ","powerpump45","https://p16-common-sign.tiktokcdn.com/tos-alisg-p-0037/bc7aa494f3894ecebf34a5bc221e4202_1721971982~tplv-tiktokx-origin.image?dr=14575&x-expires=1780556400&x-signature=n4CZ5Ck0PetCb9rQJwG%2BEwgcfI8%3D&t=4d5b0474&ps=13740610&shp=81f88b70&shcp=43f4a2f9&idc=sg1","39.5K","visible-page+oembed"
"7395433294269041938","https://www.tiktok.com/@powerpump45/video/7395433294269041938","ฝึกกล้ามเนื้อด้วยความเร็วคงที่ การพัฒนาแรงระเบิดจะง่ายขึ้น . Velocity x Force = Power . . #Power #powertraining  #speed #sportperformance  #agility #football #fyp  #powerpump45 #thailand  @powerpump45  @powerpump45  @powerpump45 ","powerpump45","https://p16-common-sign.tiktokcdn.com/tos-alisg-p-0037/6b91ae21fd1647468d5ee76ffa940bae_1721883500~tplv-tiktokx-origin.image?dr=14575&x-expires=1780556400&x-signature=%2BHp2SlwZIxICrGNEi4y3WAGIkRE%3D&t=4d5b0474&ps=13740610&shp=81f88b70&shcp=43f4a2f9&idc=sg1","1901","visible-page+oembed"
"7395060842959555847","https://www.tiktok.com/@powerpump45/video/7395060842959555847","แรงระเบิดต้องทำให้เร็ว Power = Velocity x force . . #power #powertraining  #agility #sportsperformance  #speed #velocity #fyp  #powerpump45 #thailand  @powerpump45  @powerpump45  @powerpump45 ","powerpump45","https://p16-common-sign.tiktokcdn.com/tos-alisg-p-0037/af932e3f50624fedb607121c2425a776_1721796784~tplv-tiktokx-origin.image?dr=14575&x-expires=1780556400&x-signature=8FVJbjj6Pcq2G8qvDNfXyFj6AqA%3D&t=4d5b0474&ps=13740610&shp=81f88b70&shcp=43f4a2f9&idc=sg1","27.7K","visible-page+oembed"
"7392459172316597522","https://www.tiktok.com/@powerpump45/video/7392459172316597522","เร็วขึ้นแน่นอน ถ้าแรงระเบิดดี ⚽️🦵💪 . . #power #powertraining  #speed #sportsperformance  #fyp #jump #powerjump  #powerpump45 #thailand  @powerpump45  @powerpump45  @powerpump45 ","powerpump45","https://p16-common-sign.tiktokcdn.com/tos-alisg-p-0037/dcd568ad6efd41f4ae75ac7502fbf0bc_1721191034~tplv-tiktokx-origin.image?dr=14575&x-expires=1780556400&x-signature=xILp2oir%2BOcV3z1sLoR0OX3%2Bqxo%3D&t=4d5b0474&ps=13740610&shp=81f88b70&shcp=43f4a2f9&idc=sg1","1608","visible-page+oembed"
"7392145240959831304","https://www.tiktok.com/@powerpump45/video/7392145240959831304","ความเร็วในการฝึกไม่คงที่ ทำให้พัฒนาคุณภาพทักษะได้ช้าลง . Velocity x Force = Power . . #power #powertraining  #sportperformance #fyp  #vbt #output #velocity  #powerpump45 #coach  @powerpump45  @powerpump45  @powerpump45 ","powerpump45","https://p16-common-sign.tiktokcdn.com/tos-alisg-p-0037/907322e8a7d5420b9cdb6960ca04f63b_1721117944~tplv-tiktokx-origin.image?dr=14575&x-expires=1780556400&x-signature=X%2BJbJlqv0ZjuCCKXTTEPjQYaNJI%3D&t=4d5b0474&ps=13740610&shp=81f88b70&shcp=43f4a2f9&idc=sg1","1664","visible-page+oembed"
"7391027036892024072","https://www.tiktok.com/@powerpump45/video/7391027036892024072","Complex Power 🦵💪⚽️ . . . . #power #powertraining  #sportsperformance #fyp  #functionaltraining #barbell  #powerpump45 #coach @powerpump45  @powerpump45  @powerpump45 ","powerpump45","https://p16-common-sign.tiktokcdn.com/tos-alisg-p-0037/e293fe47ec204526a35716effcfad455_1720857590~tplv-tiktokx-origin.image?dr=14575&x-expires=1780556400&x-signature=8VzC2z1OyVsfg1fTf%2BCplHPF62k%3D&t=4d5b0474&ps=13740610&shp=81f88b70&shcp=43f4a2f9&idc=sg1","1676","visible-page+oembed"
"7390636256922799367","https://www.tiktok.com/@powerpump45/video/7390636256922799367","Nordic Curl 🦵💪⚽️ . . . . #strength #strengthtraining  #football #sportsperformance  #eccentric #hamstrings #fyp  @powerpump45  @powerpump45  @powerpump45  #powerpump45 #coach","powerpump45","https://p16-common-sign.tiktokcdn.com/tos-alisg-p-0037/5b59101b06e648ee96e948591ddcd731_1720766603~tplv-tiktokx-origin.image?dr=14575&x-expires=1780556400&x-signature=7c1B0VS6KkgzZZMM4bxSFp53nPk%3D&t=4d5b0474&ps=13740610&shp=81f88b70&shcp=43f4a2f9&idc=sg1","1131","visible-page+oembed"
"7390204059279461639","https://www.tiktok.com/@powerpump45/video/7390204059279461639","Single leg dept jump 90cm ⚽️🦵👍 . . . . #power #powertraining #fyp  #jump #powerjump #กระโดด  #football #sportsperformance  #powerpump45 #นวลจันทร์ ","powerpump45","https://p16-common-sign.tiktokcdn.com/tos-alisg-p-0037/037bb4ab528e41bea128df9dd1398359_1720665976~tplv-tiktokx-origin.image?dr=14575&x-expires=1780556400&x-signature=O7%2BAt5UW0MwKHkxoXU%2BaLRQLSJQ%3D&t=4d5b0474&ps=13740610&shp=81f88b70&shcp=43f4a2f9&idc=sg1","1855","visible-page+oembed"
"7389873566805658887","https://www.tiktok.com/@powerpump45/video/7389873566805658887","คล่องขึ้นแน่นอน ถ้าแรงระเบิดดี ⚽️🦵💪 . . . . #power #powertraining #fyp  #speed #speedandpower  #aglity #powerpump45  #sportsperformance #thailand ","powerpump45","https://p16-common-sign.tiktokcdn.com/tos-alisg-p-0037/4d7de8baa2a54852864e8d3bd07f3fa2_1720589027~tplv-tiktokx-origin.image?dr=14575&x-expires=1780556400&x-signature=J3G6irlaDrHrKrGya78XNxKnfT0%3D&t=4d5b0474&ps=13740610&shp=81f88b70&shcp=43f4a2f9&idc=sg1","1201","visible-page+oembed"
"7387710498092977425","https://www.tiktok.com/@powerpump45/video/7387710498092977425","อยากออกตัวเร็วขึ้น แรงระเบิดต้องดี . . . . #fyp #power #powertraining  #vbt #sport #sportsperformance  #football #powerpump45  @powerpump45  @powerpump45  @powerpump45 ","powerpump45","https://p16-common-sign.tiktokcdn.com/tos-alisg-p-0037/osEEGFmhmBWjBFDOIfB50cBgEraifhsoqatAR5~tplv-tiktokx-origin.image?dr=14575&x-expires=1780556400&x-signature=YWbFPVfeoPvGMW2MWNw6DqcxJSk%3D&t=4d5b0474&ps=13740610&shp=81f88b70&shcp=43f4a2f9&idc=sg1","1236","visible-page+oembed"
"7387269801237925136","https://www.tiktok.com/@powerpump45/video/7387269801237925136","วอร์มถึง = พร้อมแข่ง . . . . #power #powertraining #fyp  #warmup #sport #athletes  #powerpump45 #นวลจันทร์28 ","powerpump45","https://p16-common-sign.tiktokcdn.com/tos-alisg-p-0037/1ad778538b4b4015ad0f462e3e7895c3_1719982792~tplv-tiktokx-origin.image?dr=14575&x-expires=1780556400&x-signature=it%2FA2Rb%2FWnmkuyfFUCCZ9hwhGxE%3D&t=4d5b0474&ps=13740610&shp=81f88b70&shcp=43f4a2f9&idc=sg1","1228","visible-page+oembed"
"7386170247864143105","https://www.tiktok.com/@powerpump45/video/7386170247864143105","Injury Recovery ⚽️🏀🎾 . . . . #sportmassage #injury #fyp #recovery #stertching #ยืด #นวด #บาดเจ็บจากการเล่นกีฬา  #powerpump45 #นวลจันทร์ ","powerpump45","https://p16-common-sign.tiktokcdn.com/tos-alisg-p-0037/oMAcAAGBhIaVLmo8oAeFW5f29sTF88JeAIGewE~tplv-tiktokx-origin.image?dr=14575&x-expires=1780556400&x-signature=abDV8tyC%2BO%2BHwfdV5j3%2BFjvvieo%3D&t=4d5b0474&ps=13740610&shp=81f88b70&shcp=43f4a2f9&idc=sg1","1116","visible-page+oembed"
"7385828897788546321","https://www.tiktok.com/@powerpump45/video/7385828897788546321","การฝึก VBT . . . . #VBT #output #power #fyp  #powertraining #velocity #sportperformance #force  #powerpump45 #นวลจันทร์ ","powerpump45","https://p16-common-sign.tiktokcdn.com/tos-alisg-p-0037/9d5ef1c74d294698ac7a5db9b8905492_1719647306~tplv-tiktokx-origin.image?dr=14575&x-expires=1780556400&x-signature=MAiS6rZw1%2FUeIlzrn9xjo0ZcpQM%3D&t=4d5b0474&ps=13740610&shp=81f88b70&shcp=43f4a2f9&idc=sg1","1219","visible-page+oembed"
"7385415491667397905","https://www.tiktok.com/@powerpump45/video/7385415491667397905","หากควบคุมความเร็วในการฝึกไม่คงที่ การพัฒนาแรงระเบิดจะช้าลง  . . . . #power #powertraining  #VBT #output #jump #fyp  #basketball #volleyball  #powerpump45 #นวลจันทร์","powerpump45","https://p16-common-sign.tiktokcdn.com/tos-alisg-p-0037/ooBRU7LfKIGRDhDAim6AeDIfZeQhGh2GwQEIRF~tplv-tiktokx-origin.image?dr=14575&x-expires=1780556400&x-signature=3mxbPaXBJbg0ILFcbpLfbl05KVY%3D&t=4d5b0474&ps=13740610&shp=81f88b70&shcp=43f4a2f9&idc=sg1","2181","visible-page+oembed"
"7385046632909294866","https://www.tiktok.com/@powerpump45/video/7385046632909294866","Dept jump 120 cm. ⚽️👍💪 . . . . #power #powertraining #jump  #sportstraining #fyp #sportsperformance  #powerpump45 #coach ","powerpump45","https://p16-common-sign.tiktokcdn.com/tos-alisg-p-0037/d0cd9d69b24041d3b51d8229faf93950_1719465170~tplv-tiktokx-origin.image?dr=14575&x-expires=1780556400&x-signature=H32v6OxjkEoCQZLeQu12NDF2O5A%3D&t=4d5b0474&ps=13740610&shp=81f88b70&shcp=43f4a2f9&idc=sg1","7917","visible-page+oembed"
"7384681998213827847","https://www.tiktok.com/@powerpump45/video/7384681998213827847","แรงระเบิด สำคัญต่อนักกีฬา #power #powertraining  #football #powerlifting #fyp  #powerpump45 #นวลจันทร์ ","powerpump45","https://p16-common-sign.tiktokcdn.com/tos-alisg-p-0037/oIfkq6qoeCDFNaYEBIThehA0UFkASMbODIj7Et~tplv-tiktokx-origin.image?dr=14575&x-expires=1780556400&x-signature=aj4s9KPcMtsYoExvXrflo9zQBEc%3D&t=4d5b0474&ps=13740610&shp=81f88b70&shcp=43f4a2f9&idc=sg1","939","visible-page+oembed"
"7382883349485882631","https://www.tiktok.com/@powerpump45/video/7382883349485882631","ฝึกด้วยความเร็วไม่คงที่ ทำให้พายเรือได้ไม่เร็ว #power #powertraining  #sportsperformance #VBT #output #เรือพาย #เรือใบ #powerpump45 #นวลจันทร์ ","powerpump45","https://p16-common-sign.tiktokcdn.com/tos-alisg-p-0037/565602ae384e48a5b55fbacec2d3e298_1718961488~tplv-tiktokx-origin.image?dr=14575&x-expires=1780556400&x-signature=ve28HSF60yzPNHvf6%2FXaThY32Ho%3D&t=4d5b0474&ps=13740610&shp=81f88b70&shcp=43f4a2f9&idc=sg1","952","visible-page+oembed"
"7382452792616701202","https://www.tiktok.com/@powerpump45/video/7382452792616701202","Maximum Power 🔥🔥🔥 #power #powertraining  #sportsperformance  #football #fyp #jump #powerpump45 ","powerpump45","https://p16-common-sign.tiktokcdn.com/tos-alisg-p-0037/ogBm9oVoMCEiO0zOnSvvsEABnIZbqUi5dAJDY~tplv-tiktokx-origin.image?dr=14575&x-expires=1780556400&x-signature=c7KRG3FZGUyPIK3CUhZRWopfxm8%3D&t=4d5b0474&ps=13740610&shp=81f88b70&shcp=43f4a2f9&idc=sg1","1089","visible-page+oembed"
"7382118499889564935","https://www.tiktok.com/@powerpump45/video/7382118499889564935","ฝึกแล้วความเร็วไม่คงที่ ทำให้ว่ายน้ำได้ไม่เร็ว. #gdf #powertraining #power  #powerpump45 #sportsperformance  #swimming #นักกีฬา #นักกีฬาว่ายน้ำ ","powerpump45","https://p16-common-sign.tiktokcdn.com/tos-alisg-p-0037/osZobMhu8AC8KkMxIYfUryAASWjeR5eEUoQhDw~tplv-tiktokx-origin.image?dr=14575&x-expires=1780556400&x-signature=knFPvIzyTzG58M3KipJWD%2B8KKao%3D&t=4d5b0474&ps=13740610&shp=81f88b70&shcp=43f4a2f9&idc=sg1","939","visible-page+oembed"
"7379867060135808264","https://www.tiktok.com/@powerpump45/video/7379867060135808264","เด็กจะเคลื่อนไหวแข็งแรงขึ้น ถ้าหากสามารถออกแรงระเบิดเป็น #youngathleticdevelopment  #power #powertraining  #speed #agility #quickness  #powerpump45 #นวลจันทร์ ","powerpump45","https://p16-common-sign.tiktokcdn.com/tos-alisg-p-0037/osIji1IjreX4PVoAI5urHfAQGeAmLDIQVCWMRg~tplv-tiktokx-origin.image?dr=14575&x-expires=1780556400&x-signature=zqtTnC6u00q41ejBQzHgEXgzxdc%3D&t=4d5b0474&ps=13740610&shp=81f88b70&shcp=43f4a2f9&idc=sg1","1103","visible-page+oembed"
"7379537664678137106","https://www.tiktok.com/@powerpump45/video/7379537664678137106","#fyp #sportsperformance  #power #powetraining #vbt  #speed #agility #powerpump45 ","powerpump45","https://p19-common-sign.tiktokcdn.com/tos-alisg-p-0037/oMej30IDruVT4SoNIhRTxeAIGeAvLDCLKC5MsQ~tplv-tiktokx-origin.image?dr=14575&x-expires=1780556400&x-signature=wUcEs3Z1K2QuFLu3tTvfhTSEYNc%3D&t=4d5b0474&ps=13740610&shp=81f88b70&shcp=43f4a2f9&idc=sg1","975","visible-page+oembed"
"7379183147495214343","https://www.tiktok.com/@powerpump45/video/7379183147495214343","อยากยิงแรง ต้องเตะให้เร็ว . Velocity x Force = Power #sportperformance #fyp  #power #powertraining  #VBT #output  #powerpump45 ","powerpump45","https://p16-common-sign.tiktokcdn.com/tos-alisg-p-0037/6c7fd1fd8f8b4ea591002be4e1fd7564_1718099968~tplv-tiktokx-origin.image?dr=14575&x-expires=1780556400&x-signature=oXFuR7FX1gWVOvLuMk4LYiUQ43o%3D&t=4d5b0474&ps=13740610&shp=81f88b70&shcp=43f4a2f9&idc=sg1","1045","visible-page+oembed"
"7379120419564965128","https://www.tiktok.com/@powerpump45/video/7379120419564965128","ฝึกแบบนี้ เร็วขึ้นแน่นอน #powertraining  #power  #sportperformance  #powerpump45 ","powerpump45","https://p16-common-sign.tiktokcdn.com/tos-alisg-p-0037/oEL3vAUMzAzyDfNCISW8Fj5CgIneI7jCIYfAEG~tplv-tiktokx-origin.image?dr=14575&x-expires=1780556400&x-signature=kyhprWs92X9GxXBXZ7yEyK2K4d8%3D&t=4d5b0474&ps=13740610&shp=81f88b70&shcp=43f4a2f9&idc=sg1","652","visible-page+oembed"
"7378815567723056391","https://www.tiktok.com/@powerpump45/video/7378815567723056391","#powertraining #power  #VBT #sportperformance  #ฟุตบอล #นักกีฬา #ฝึกซ้อม  #powerpump45 #นวลจันทร์ ","powerpump45","https://p19-common-sign.tiktokcdn.com/tos-alisg-p-0037/oUBKEDFIifFtBwdfEggmoUma0NRaZAZ0EQ1BD9~tplv-tiktokx-origin.image?dr=14575&x-expires=1780556400&x-signature=2a6s6Zfk6DRvYF5h%2B5NJBbEiw4c%3D&t=4d5b0474&ps=13740610&shp=81f88b70&shcp=43f4a2f9&idc=sg1","875","visible-page+oembed"
"7378470191212055816","https://www.tiktok.com/@powerpump45/video/7378470191212055816","#powertraining  #VBT #sportperformance  #ฟุตบอล #นักกีฬา #ฝึกซ้อม  #powerpump45 #นวลจันทร์ ","powerpump45","https://p16-common-sign.tiktokcdn.com/tos-alisg-p-0037/oUEmDRBmkZlldFkZyJ5D5gBEQiBfA3VvIIufEZ~tplv-tiktokx-origin.image?dr=14575&x-expires=1780556400&x-signature=pE7N9iPVuvrwExCNtsdABGpdZl0%3D&t=4d5b0474&ps=13740610&shp=81f88b70&shcp=43f4a2f9&idc=sg1","682","visible-page+oembed"
"7377984297594129672","https://www.tiktok.com/@powerpump45/video/7377984297594129672","Velocity x Force = Power . #power #powertraining  #VBT #sportperformance  #ฟุตบอล #นักกีฬา #ฝึกซ้อม  #powerpump45 #นวลจันทร์ ","powerpump45","https://p16-common-sign.tiktokcdn.com/tos-alisg-p-0037/oEWmhS3SoAr4BR2ngEiLY3QBrf5hTaeiBEBpjI~tplv-tiktokx-origin.image?dr=14575&x-expires=1780556400&x-signature=n1XiB9ZyjTMGdPPLs8yxrpKbwRA%3D&t=4d5b0474&ps=13740610&shp=81f88b70&shcp=43f4a2f9&idc=sg1","978","visible-page+oembed"